﻿NDOS;NOMB;NOMD;DEV;MDEV;CLI;NOM;GES;NOMGES;TDEV; MONT_LOC ;DOU;DVAL;MODRE
CDE07001004;ASIYLA GUM COMPANY;NEXIRA;86;57200;28671011;ASIYLA GUM COMPANY;455;WRATCHET FOCK TITE;655.957;37520740.4;28/04/2020;31/05/2020;VUE
CDI07007239;SEBANG GLOBAL BATTERY CO, LTD;SICAS;1;41788.13;8080100;SICAS;933;IBRAHIMA SALL;564.36743;23583859.53;22/07/2020;17/10/2020;ACC
CDI07007327;VAN VLIET AUTOMOTIVE TRADING BV;EXCELLEC SA;86;5335700;26007753;EXCELLEC SA;452;DIOKHANE KHADIM;655.957;3499989764.9;29/04/2021;21/08/2021;ACC
CDI07007196;SOMADIR;PATISEN;86;125120;8056600;PATISEN;409;MAME ISSA GUEYE;655.957;82073339.84;11/02/2020;21/05/2020;ACC
CDI07007380;CPS AFRICA;SYNERGIES AFRIQUE;86;144000;15613505;SYNERGIES AFRIQUE;452;DIOKHANE KHADIM;655.957;94457808;27/12/2021;30/04/2022;DIF
CDE07001009;ALIF GROUP;NESTLE GHANA LTD;0;34770000;15805705;ALIF GROUP;125;Paulette Rose Simone PREIRA;1;34770000;20/07/2020;31/05/2021;DIF
CDI07007187;MAHENOR;GROUPE FAUZIE LAYOUSSE;86;79183.08;8083200;GROUPE FAUZIE LAYOUSSE;385;MAMADOU YAKHAM GUEYE;655.957;51940695.61;09/01/2020;21/04/2020;ACC
CDE07001001;SOCIETE AGROINDUSTRIELLE DU SENEGAL;FESBA S.L.;86;187450;25961914;SOCIETE AGROINDUSTRIELLE DU SENEGAL;295;KHADY LO;655.957;122959139.7;04/03/2020;02/04/2020;DIF
CDE07001016;SNSSS;NESTLE COTE D IVOIRE;0;57840000;830;SNSSS;556;HAROUNA YARADOU;1;57840000;27/04/2021;31/07/2021;VUE
CDI07007214;INTERNATIONAL DE COMMERCE ET DE;LA COMPAGNIE AGRICOLE DE SAINT LOUI;86;133901.92;25964774;LA COMPAGNIE AGRICOLE DE SAINT LOUIS;966;CDL FBG;655.957;87833901.74;29/05/2020;21/09/2020;VUE
CDI07007361;GUOMING DUCTILE IRON PIPES CO LTD;CSE;86;571340.59;8022400;CSE;385;MAMADOU YAKHAM GUEYE;655.957;374774859.39;20/10/2021;21/12/2021;ACC
CDI07007296;PANASONIC MARKETING MIDDLE EAST;SOCOMAF;1;34710;8123615;SOCOMAF;531;SAMBA KHARY NIANG;543.090885;18850684.62;08/02/2021;31/05/2021;ACC
CDI07007229;EKOSINERJI ELEKTRIK SANAYI VE TIC;LES SPECIALISTES ENERGIE;86;308595;11097400;LES SPECIALISTES ENERGIE;250;Nafissatou SECK;655.957;202425050.4;03/07/2020;25/09/2020;VUE
CDI07007317;MPMC POWERTECH JIANGSU CO, LTD;ESCI-SA;1;81791.5;15421705;ESCI-SA;409;MAME ISSA GUEYE;555.644003;45446956.47;30/03/2021;11/07/2021;VUE
CDI07007249;SOCIETE DE DISTRIBUTION;SENEGALAISE DE L'AUTOMOBILE;86;106500;15355205;SENEGALAISE DE L'AUTOMOBILE;531;SAMBA KHARY NIANG;655.957;69859420.5;26/08/2020;21/10/2020;ACC
CDI07007345;UNISTELLE SA;FABRIMETAL SENEGAL SA;1;466240.62;25993388;FABRIMETAL SENEGAL SA;409;MAME ISSA GUEYE;558.63315;260457466.21;19/07/2021;10/08/2021;ACC
CDI07007213;AFRIQUIA LUBRIFIANTS MAROC SA;EYDON PETROLEUM SA;86;45878.22;15655305;EYDON PETROLEUM SA;871;MIMI DIABY;655.957;30094139.56;19/05/2020;15/07/2020;ACC
CDE07001007;SOCIETE MINIERE DE LA VALLEE DU FLE;LEBANON CHEMICALS COMPANY SAL;86;1639962.5;24486011;SOCIETE MINIERE DE LA VALLEE DU FLEU;871;MIMI DIABY;655.957;1075744882;09/07/2020;21/08/2020;DIF
CDI07007212;PHOENIX GLOBAL DMCC;COMPT COM MAND;86;4260430;15365205;COMPT COM MAND;556;HAROUNA YARADOU;655.957;2794658882;04/05/2020;11/06/2020;ACC
CDI07007365;FUJIDEN INTERNATIONAL CORP;CSTM;86;405500;8024500;CSTM;409;MAME ISSA GUEYE;655.957;265990563.5;10/11/2021;09/02/2022;ACC
CDI07007237;ATLAS COPCO (WUXI) COMPRESSOR;LES CABLERIES DU SENEGAL;86;55770.48;8115000;LES CABLERIES DU SENEGAL;696;ALASSANE SAMBA LY;655.957;36583036.75;13/07/2020;11/10/2020;ACC
CDI07007297;SYSTO SOLAR;SOLENE AFRIQUE DE L'OUEST;86;68310;15266805;SOLENE AFRIQUE DE L'OUEST;987;AMADOU MAKHTAR GUEYE;655.957;44808422.67;12/02/2021;30/05/2021;ACC
CDI07007358;GE MEDICAL SYSTEMS;TECHNOLOGIE SERVICES;86;334000;15594805;TECHNOLOGIE SERVICES;706;IBRAHIMA KEBE;655.957;219089638;14/10/2021;21/03/2022;DIF
CDI07007254;FARAONE SRL;SCHÜLLER SARL;86;43392.25;26007180;SCHÜLLER SARL;987;AMADOU MAKHTAR GUEYE;655.957;28463450.13;21/09/2020;20/12/2020;ACC
CDI07007294;CAPRARI SPA;SOCIETE DE FOURNITURE POUR L'INDUST;86;42499.17;8204415;SOCIETE DE FOURNITURE POUR L'INDUSTR;409;MAME ISSA GUEYE;655.957;27877628.06;04/02/2021;21/07/2021;ACC
CDI07007369;KAMSTRUP A/S;FLEXEAU SA;86;760270;26059205;FLEXEAU SA;987;AMADOU MAKHTAR GUEYE;655.957;498704428.39;26/11/2021;28/02/2022;VUE
CDI07007322;MUTLUSAN PLASTIK ELEKTRIK SAN VE;ELOF SARL;1;24199.43;15224500;ELOF SARL;706;IBRAHIMA KEBE;556.297185;13462074.79;26/04/2021;30/06/2021;ACC
CDE07001023;LE GROUPE LIFEKHALIFA SENEGAL SUARL;ADRIMAR CONGELADOS LDA;86;21735;26042637;LE GROUPE LIFEKHALIFA SENEGAL SUARL;295;KHADY LO;655.957;14257225.4;21/10/2021;12/11/2021;DIF
CDI07007222;TRADELAND COMMODITIES SLU;CIMENTS DU SAHEL;1;1488000;8152415;CIMENTS DU SAHEL;385;MAMADOU YAKHAM GUEYE;584.590638;869870869.3;24/06/2020;07/08/2020;VUE
CDI07007301;MER MEC FRANCE SARL;SETER;86;876987.5;26027940;SETER;367;NDEYE ANNA DIOUF;655.957;575266089.54;18/02/2021;21/01/2022;ACC
CDI07007250;CARGOTEC FINLAND OY;GROUPE DELTA - SARL;86;341000;15687905;GROUPE DELTA - SARL;933;IBRAHIMA SALL;655.957;223681337;27/08/2020;18/03/2021;VUE
CDI07007266;WOODCHAIN;BATI PLUS INDUSTRIE;86;75000;15409505;BATI PLUS INDUSTRIE;409;MAME ISSA GUEYE;655.957;49196775;29/10/2020;21/04/2021;VUE
CDI07007245;ANHUI TECHNOLOGY IMPORT AND;AUTOMOTIVE FOR AFRICA;86;62838;26014152;AUTOMOTIVE FOR AFRICA;933;IBRAHIMA SALL;655.957;41219025.97;18/08/2020;31/10/2020;ACC
CDI07007360;RISO FRANCE;OUMOU GROUP;86;309060;26010482;OUMOU GROUP;706;IBRAHIMA KEBE;655.957;202730070.42;18/10/2021;11/04/2022;DIF
CDI07007344;ITOCHU FRANCE;CCIS;86;502788;8028300;CCIS;409;MAME ISSA GUEYE;655.957;329807308.12;30/06/2021;15/09/2021;ACC
CDI07007346;CPS AFRICA;VEHIX;86;64500;26037323;VEHIX;525;ZAKIA BEYE;655.957;42309226.5;05/08/2021;05/10/2021;VUE
CDI07007223;OCTAL SAOC FZC;PACK AFRICA-SA;86;340560;26036206;PACK AFRICA-SA;696;ALASSANE SAMBA LY;655.957;223392715.9;24/06/2020;21/08/2020;ACC
CDI07007319;ABB SA;TECHNIMEX;86;45756.18;8148715;TECHNIMEX;987;AMADOU MAKHTAR GUEYE;655.957;30014086.56;16/04/2021;31/07/2021;ACC
CDI07007315;TOPCON FRANCE MEDICAL SAS;DELTA MEDICAL;86;28556.88;15173600;DELTA MEDICAL;409;MAME ISSA GUEYE;655.957;18732085.33;24/03/2021;21/07/2021;ACC
CDE07001005;ASIYLA GUM COMPANY;NEXIRA;86;57200;28671011;ASIYLA GUM COMPANY;455;WRATCHET FOCK TITE;655.957;37520740.4;27/05/2020;01/07/2020;VUE
CDI07007312;DONALDON EUROPE BV;SICAS;86;75740.44;8080100;SICAS;933;IBRAHIMA SALL;655.957;49682471.8;23/03/2021;31/05/2021;ACC
CDI07007307;ALM INTERNATIONAL;SODEFITEX;86;300000;8078900;SODEFITEX;556;HAROUNA YARADOU;655.957;196787100;02/03/2021;28/04/2021;ACC
CDE07001011;PATISEN;H M DISTRIBUTION;86;42497.23;8056600;PATISEN;409;MAME ISSA GUEYE;655.957;27876355.5;25/09/2020;06/11/2020;ACC
CDI07007379;CPS AFRICA;SYNERGIES AFRIQUE;86;15400;15613505;SYNERGIES AFRIQUE;452;DIOKHANE KHADIM;655.957;10101737.8;23/12/2021;31/03/2022;DIF
CDE07001015;NESTLE SENEGAL;AGRO FOOD INDUSTRIE GUINEE;1;1238748;8039700;NESTLE SENEGAL;531;SAMBA KHARY NIANG;551.150266;682736289.71;22/03/2021;15/06/2021;DIF
CDE07001010;SNSSS;NESTLE COTE D IVOIRE;0;222768000;830;SNSSS;556;HAROUNA YARADOU;1;222768000;23/07/2020;31/12/2020;VUE
CDI07007364;SHANDONG UPSUN INDUSTRY CO LTD;CSE;1;250086.21;8022400;CSE;385;MAMADOU YAKHAM GUEYE;572.175742;143093262.77;03/11/2021;16/02/2022;ACC
CDI07007244;PANASONIC MARKETING MIDDLE EAST;SOCOMAF;1;120650;8123615;SOCOMAF;531;SAMBA KHARY NIANG;563.863085;68030081.21;12/08/2020;30/11/2020;VUE
CDI07007240;EKOSINERJI ELEKTRIK SANAYI VE;LES SPECIALISTES ENERGIE;86;352975;11097400;LES SPECIALISTES ENERGIE;250;Nafissatou SECK;655.957;231536422.1;27/07/2020;21/12/2020;VUE
CDI07007316;PROATEX;ESCI-SA;86;391772.37;15421705;ESCI-SA;409;MAME ISSA GUEYE;655.957;256985828.51;30/03/2021;21/08/2021;VUE
CDI07007200;INDUSTRIAS MECANICAS DE;CASSIS EQUIPEMENTS SAU;86;56860.87;15813005;CASSIS EQUIPEMENTS SAU;367;NDEYE ANNA DIOUF;655.957;37298285.7;18/03/2020;30/06/2020;DIF
CDI07007291;CHEMAX INTERNATIONAL PTE LTD;FABRIMETAL SENEGAL SA;1;410000;25993388;FABRIMETAL SENEGAL SA;409;MAME ISSA GUEYE;541.869358;222166436.78;01/02/2021;11/06/2021;ACC
CDI07007215;ATLAS COPCO AIRPOWER NV;LES CABLERIES DU SENEGAL;86;281715.53;8115000;LES CABLERIES DU SENEGAL;696;ALASSANE SAMBA LY;655.957;184793273.9;03/06/2020;20/09/2020;ACC
CDI07007242;SYSTO SOLAR;SOLENE AFRIQUE DE L'OUEST;86;92004;15266805;SOLENE AFRIQUE DE L'OUEST;987;AMADOU MAKHTAR GUEYE;655.957;60350667.83;05/08/2020;05/11/2020;ACC
CDI07007279;GE MEDICAL SYSTEMS IT GMBH;TECHNOLOGIE SERVICES;86;32220;15594805;TECHNOLOGIE SERVICES;706;IBRAHIMA KEBE;655.957;21134934.54;07/12/2020;16/04/2021;ACC
CDI07007321;SAINT-GOBAIN CRISTALERIA SL;SCHÜLLER SARL;86;75799.43;26007180;SCHÜLLER SARL;987;AMADOU MAKHTAR GUEYE;655.957;49721166.7;23/04/2021;16/08/2021;ACC
CDI07007377;SCHNEIDER ELECTRIC;ELOF SARL;86;99931.12;15224500;ELOF SARL;706;IBRAHIMA KEBE;655.957;65550517.68;13/12/2021;12/02/2022;DIF
CDI07007309;FIORI GROUP;METALCO SARL;86;110113.81;33186820;METALCO SARL;696;ALASSANE SAMBA LY;655.957;72229924.47;10/03/2021;22/04/2021;ACC
CDI07007350;RELIANCE BULK TRADING DMCC;CIMENTS DU SAHEL;1;3240000;8152415;CIMENTS DU SAHEL;385;MAMADOU YAKHAM GUEYE;566.771808;1836340657.92;25/08/2021;02/11/2021;VUE
CDI07007188;LLEAL S.A.;SENICO;86;30189.57;15404305;SENICO;409;MAME ISSA GUEYE;655.957;19803059.77;09/01/2020;07/03/2020;VUE
CDI07007208;WEIHAI YINGIU FISHING TACKE CO,;ETS JOSEDA;1;25440;15163300;ETS JOSEDA;295;KHADY LO;587.582211;14948091.45;24/04/2020;22/07/2020;VUE
CDI07007201;NANJING AUTOMOBILE IMPORT AND;AUTOMOTIVE FOR AFRICA;86;84198;26014152;AUTOMOTIVE FOR AFRICA;933;IBRAHIMA SALL;655.957;55230267.49;18/03/2020;06/06/2020;ACC
CDI07007205;INDBAGS;SOCIETE DE CULTURES LEGUMIERES;1;125535;52318361;SOCIETE DE CULTURES LEGUMIERES;556;HAROUNA YARADOU;559.846348;70280311.3;09/04/2020;31/08/2020;VUE
CDI07007283;OCATL SAOC FZC;PACK AFRICA-SA;1;440550;26036206;PACK AFRICA-SA;696;ALASSANE SAMBA LY;556.20378;245035575.28;07/01/2021;31/03/2021;ACC
CDI07007280;EKOSINERJI ELEKTRIK SANAYI VE TIC;TECHNIMEX;86;84974.5;8148715;TECHNIMEX;987;AMADOU MAKHTAR GUEYE;655.957;55739618.1;29/12/2020;21/02/2021;ACC
CDE07001003;ASIYLA GUM COMPANY;NEXIRA;86;55000;28671011;ASIYLA GUM COMPANY;455;WRATCHET FOCK TITE;655.957;36077635;31/03/2020;01/05/2020;VUE
CDI07007363;TECHNO LUBE LLC;SICAS;1;74711.81;8080100;SICAS;933;IBRAHIMA SALL;587.373835;43883762.36;02/11/2021;05/01/2022;ACC
CDE07001013;SODEFITEX;ETHIOPIAN INDUSTRIAL INPUTS;86;82322;8078900;SODEFITEX;556;HAROUNA YARADOU;655.957;53999692.15;17/12/2020;26/02/2021;VUE
CDI07007302;SOMADIR;PATISEN;86;62560;8056600;PATISEN;409;MAME ISSA GUEYE;655.957;41036669.92;24/02/2021;06/05/2021;ACC
CDI07007381;CPS AFRICA;SYNERGIES AFRIQUE;86;175000;15613505;SYNERGIES AFRIQUE;452;DIOKHANE KHADIM;655.957;114792475;27/12/2021;30/04/2022;DIF
CDE07001018;SNSSS;COMMERCE IVOIRIEN ET DE SERVICES;0;91750000;830;SNSSS;556;HAROUNA YARADOU;1;91750000;19/05/2021;30/07/2021;ACC
CDI07007320;PANASONIC MARKETING MIDDLE EAST;SOCOMAF;1;33058.02;8123615;SOCOMAF;531;SAMBA KHARY NIANG;556.297185;18390083.47;21/04/2021;01/07/2021;ACC
CDI07007343;IDROFOGLIA SRL;ESCI-SA;86;190169.41;15421705;ESCI-SA;409;MAME ISSA GUEYE;655.957;124742955.68;29/06/2021;20/09/2021;VUE
CDI07007313;KELVION SAS;CASSIS EQUIPEMENTS SAU;86;47925;15813005;CASSIS EQUIPEMENTS SAU;367;NDEYE ANNA DIOUF;655.957;31436739.23;24/03/2021;30/09/2021;ACC
CDI07007368;FERLINZ FZCO;FABRIMETAL SENEGAL SA;1;250025;25993388;FABRIMETAL SENEGAL SA;409;MAME ISSA GUEYE;587.872098;146982721.3;23/11/2021;15/01/2022;DIF
CDE07001020;LES CABLERIES DU SENEGAL;TIERI;0;61325100;8115000;LES CABLERIES DU SENEGAL;696;ALASSANE SAMBA LY;1;61325100;16/08/2021;06/12/2021;DIF
CDI07007241;EURO STEEL;SOLENE AFRIQUE DE L'OUEST;1;155244;15266805;SOLENE AFRIQUE DE L'OUEST;987;AMADOU MAKHTAR GUEYE;551.508866;85618442.39;03/08/2020;30/04/2021;ACC
CDI07007288;CARESTREAM HEALTH SA;TECHNOLOGIE SERVICES;86;62399.66;15594805;TECHNOLOGIE SERVICES;706;IBRAHIMA KEBE;655.957;40931493.77;25/01/2021;21/06/2021;ACC
CDI07007195;SAINT GOBAIN INDIA PRIVATE;SCHÜLLER SARL;86;45970.81;26007180;SCHÜLLER SARL;987;AMADOU MAKHTAR GUEYE;655.957;30154874.62;10/02/2020;31/07/2020;ACC
CDI07007191;PROXES FRANCE;SENICO;86;343000;15404305;SENICO;409;MAME ISSA GUEYE;655.957;224993251;22/01/2020;21/08/2020;VUE
CDI07007189;NANJING AUTOMOBILE IMPORT & EXPOR;AUTOMOTIVE FOR AFRICA;86;20118;26014152;AUTOMOTIVE FOR AFRICA;933;IBRAHIMA SALL;655.957;13196542.93;20/01/2020;24/03/2020;ACC
CDI07007268;KOUR ENERGY SRL;TECHNIMEX;86;145000;8148715;TECHNIMEX;987;AMADOU MAKHTAR GUEYE;655.957;95113765;03/11/2020;28/02/2021;ACC
CDE07001008;ASIYLA GUM COMPANY;S.A.S. NEXIRA;86;51194;28671011;ASIYLA GUM COMPANY;455;WRATCHET FOCK TITE;655.957;33581062.66;20/07/2020;24/08/2020;VUE
CDI07007370;PROMETON TYRE GROUP (SUISSE) SA;SICAS;86;49393.24;8080100;SICAS;933;IBRAHIMA SALL;655.957;32399841.53;26/11/2021;03/02/2022;ACC
CDI07007219;ALM INTERNATIONAL;SODEFITEX;86;540000;8078900;SODEFITEX;556;HAROUNA YARADOU;655.957;354216780;09/06/2020;31/07/2020;ACC
CDI07007271;SHANDONG ONETOUCH BUSINESS;PATISEN;1;184000;8056600;PATISEN;409;MAME ISSA GUEYE;546.427952;100542743.2;18/11/2020;21/02/2021;VUE
CDI07007356;B G TRUCKS;SYNERGIES AFRIQUE;86;7500000;15613505;SYNERGIES AFRIQUE;452;DIOKHANE KHADIM;655.957;4919677500;21/09/2021;31/08/2022;DIF
CDE07001012;SNSSS;COMMERCE IVOIRIEN ET DE SERVICES;0;90875000;830;SNSSS;556;HAROUNA YARADOU;1;90875000;16/10/2020;21/01/2021;ACC
CDI07007276;PANASONIC MARKETING MIDDLE EAST;SOCOMAF;1;56090;8123615;SOCOMAF;531;SAMBA KHARY NIANG;544.438704;30537566.91;03/12/2020;21/02/2021;VUE
CDI07007329;INTERWELL SRL;ESCI-SA;86;40743.2;15421705;ESCI-SA;409;MAME ISSA GUEYE;655.957;26725787.24;10/05/2021;29/07/2021;VUE
CDI07007275;TOP CABLE;CASSIS EQUIPEMENTS SAU;86;42374;15813005;CASSIS EQUIPEMENTS SAU;367;NDEYE ANNA DIOUF;655.957;27795521.92;30/11/2020;21/03/2021;ACC
CDE07001002;SOCIDA;EURL ATLAS CHEMICAL IMP/EXP;86;38245;124700;SOCIDA;414;FATOU BOURY NDAO;655.957;25087075.47;09/03/2020;05/05/2020;VUE
CDI07007281;SICON SRL;RICHARD EQUIPEMENT;86;195790;15631905;RICHARD EQUIPEMENT;367;NDEYE ANNA DIOUF;655.957;128429821;31/12/2020;04/06/2021;VUE
CDI07007298;SYSTO SOLAR;SOLENE AFRIQUE DE L'OUEST;86;47502;15266805;SOLENE AFRIQUE DE L'OUEST;987;AMADOU MAKHTAR GUEYE;655.957;31159269.41;12/02/2021;30/06/2021;ACC
CDI07007293;GE MEDICAL SYSTEMS;TECHNOLOGIE SERVICES;86;77000;15594805;TECHNOLOGIE SERVICES;706;IBRAHIMA KEBE;655.957;50508689;03/02/2021;20/08/2021;ACC
CDI07007206;SAINT-GOBAIN INDIA PRIVATE;SCHÜLLER SARL;86;29872.43;26007180;SCHÜLLER SARL;987;AMADOU MAKHTAR GUEYE;655.957;19595029.57;23/04/2020;31/07/2020;ACC
CDI07007204;GARCIA MUNTE ENERGIA SL;CIMENTS DU SAHEL;1;3040000;8152415;CIMENTS DU SAHEL;385;MAMADOU YAKHAM GUEYE;607.59597;1847091749;08/04/2020;28/05/2020;VUE
CDI07007225;CROWN IMBALLAGGI ITALIA SRL;SENICO;86;24935.13;15404305;SENICO;409;MAME ISSA GUEYE;655.957;16356373.07;25/06/2020;07/10/2020;ACC
CDE07001006;ASIYLA GUM COMPANY;S.A.S. NEXIRA;86;51194;28671011;ASIYLA GUM COMPANY;455;WRATCHET FOCK TITE;655.957;33581062.66;17/06/2020;31/07/2020;VUE
CDI07007371;PROMETON TYRE GROUP (SUISSE) SA;SICAS;86;18620.64;8080100;SICAS;933;IBRAHIMA SALL;655.957;12214339.15;26/11/2021;03/02/2022;ACC
CDI07007260;SOMADIR;PATISEN;86;62560;8056600;PATISEN;409;MAME ISSA GUEYE;655.957;41036669.92;16/10/2020;21/01/2021;ACC
CDE07001025;SNSSS;KOUYATE YVONNE S/C;0;98000000;830;SNSSS;556;HAROUNA YARADOU;1;98000000;16/12/2021;07/03/2022;ACC
CDI07007256;PANASONIC MARKETING MIDDLE EAST;SOCOMAF;1;54970;8123615;SOCOMAF;531;SAMBA KHARY NIANG;557.022146;30619507.37;09/10/2020;01/12/2020;ACC
CDI07007382;IMACAB;CASSIS EQUIPEMENTS SAU;86;160270.25;15813005;CASSIS EQUIPEMENTS SAU;367;NDEYE ANNA DIOUF;655.957;105130392.38;31/12/2021;31/03/2022;DIF
CDE07001022;SOCIDA;EURL ATLAS CHEMICAL IMP AND EXP;86;29762.5;124700;SOCIDA;414;FATOU BOURY NDAO;655.957;19522920.21;21/09/2021;25/11/2021;VUE
CDI07007342;SYSTO SOLAR;SOLENE AFRIQUE DE L'OUEST;86;329066.76;15266805;SOLENE AFRIQUE DE L'OUEST;987;AMADOU MAKHTAR GUEYE;655.957;215853644.69;28/06/2021;31/01/2022;ACC
CDI07007217;GE HEALTHCARE LIMITED;TECHNOLOGIE SERVICES;86;47040;15594805;TECHNOLOGIE SERVICES;706;IBRAHIMA KEBE;655.957;30856217.28;08/06/2020;11/11/2020;ACC
CDI07007236;MESPACK SL;SENICO;86;210000;15404305;SENICO;409;MAME ISSA GUEYE;655.957;137750970;10/07/2020;21/09/2020;ACC
CDI07007300;CRONUS TIRE CO, LIMITED;SICAS;1;28307.9;8080100;SICAS;933;IBRAHIMA SALL;561.107594;15883777.66;15/02/2021;03/05/2021;VUE
CDI07007367;FGI;PATISEN;86;97106.93;8056600;PATISEN;409;MAME ISSA GUEYE;655.957;63697970.48;22/11/2021;21/01/2022;ACC
CDE07001019;SNSSS;NESTLE COTE D'IVOIRE;0;61200000;830;SNSSS;556;HAROUNA YARADOU;1;61200000;05/07/2021;31/12/2021;VUE
CDI07007224;PANANONIC MARKETING MIDDLE EAST;SOCOMAF;1;44340;8123615;SOCOMAF;531;SAMBA KHARY NIANG;553.976044;24563297.79;24/06/2020;02/09/2020;VUE
CDI07007314;FLOWSERVE POMPES SAS;CASSIS EQUIPEMENTS SAU;86;205514.4;15813005;CASSIS EQUIPEMENTS SAU;367;NDEYE ANNA DIOUF;655.957;134808609.28;24/03/2021;30/09/2021;ACC
CDI07007299;SYSTO SOLAR;SOLENE AFRIQUE DE L'OUEST;86;69802.7;15266805;SOLENE AFRIQUE DE L'OUEST;987;AMADOU MAKHTAR GUEYE;655.957;45787569.68;12/02/2021;25/08/2021;ACC
CDI07007331;CARESTREAM HEALTH SA;TECHNOLOGIE SERVICES;86;46507.24;15594805;TECHNOLOGIE SERVICES;706;IBRAHIMA KEBE;655.957;30506749.63;27/05/2021;22/11/2021;ACC
CDI07007264;IMA INDUSTRIAL MACCHINE;SENICO;86;4480000;15404305;SENICO;409;MAME ISSA GUEYE;655.957;2938687360;27/10/2020;30/04/2021;VUE
CDI07007211;TECHNOLUBE LLC;SICAS;1;46150;8080100;SICAS;933;IBRAHIMA SALL;589.039751;27184184.51;30/04/2020;27/07/2020;ACC
CDI07007357;SOMADIR;PATISEN;86;77350;8056600;PATISEN;409;MAME ISSA GUEYE;655.957;50738273.95;24/09/2021;28/02/2022;DIF
CDE07001017;SNSSS;NESTLE COTE D'IVOIRE;0;58800000;830;SNSSS;556;HAROUNA YARADOU;1;58800000;11/05/2021;30/09/2021;VUE
CDI07007339;PANASONIC MIDDLE EAST AND AFRICA;SOCOMAF;1;47608;8123615;SOCOMAF;531;SAMBA KHARY NIANG;561.797512;26746055.95;16/06/2021;15/09/2021;ACC
CDI07007347;MSGI;CASSIS EQUIPEMENTS SAU;86;302200;15813005;CASSIS EQUIPEMENTS SAU;367;NDEYE ANNA DIOUF;655.957;198230205.4;05/08/2021;30/09/2021;DIF
CDI07007359;SYSTO SOLAR;SOLENE AFRIQUE DE L'OUEST;86;96804;15266805;SOLENE AFRIQUE DE L'OUEST;987;AMADOU MAKHTAR GUEYE;655.957;63499261.43;14/10/2021;30/01/2022;ACC
CDI07007277;GE HEALTHCARE GMBH;TECHNOLOGIE SERVICES;86;50000;15594805;TECHNOLOGIE SERVICES;706;IBRAHIMA KEBE;655.957;32797850;07/12/2020;05/01/2021;DIF
CDI07007274;CBMI CONSTRUCTION CO., LTD;CIMENTS DU SAHEL;86;61250000;8152415;CIMENTS DU SAHEL;385;MAMADOU YAKHAM GUEYE;655.957;40177366250;30/11/2020;11/02/2023;VUE
CDI07007193;SEBANG GLOBAL BATTERY CO., LTD;SICAS;1;46700.06;8080100;SICAS;933;IBRAHIMA SALL;580.203149;27095521.87;06/02/2020;29/04/2020;ACC
CDE07001021;SNSSS;KOUYATE YVONNE S/C;0;92375000;830;SNSSS;556;HAROUNA YARADOU;1;92375000;08/09/2021;30/11/2021;ACC
CDI07007374;PANASONIC MIDDLE EAST AND AFRICA;SOCOMAF;1;89235;8123615;SOCOMAF;531;SAMBA KHARY NIANG;584.833179;52187588.73;02/12/2021;15/02/2022;DIF
CDI07007238;JOBASI SA;CASSIS EQUIPEMENTS SAU;86;245275.86;15813005;CASSIS EQUIPEMENTS SAU;367;NDEYE ANNA DIOUF;655.957;160890417.3;15/07/2020;21/09/2020;ACC
CDI07007328;SYSTO SOLAR;SOLENE AFRIQUE DE L'OUEST;86;79114.98;15266805;SOLENE AFRIQUE DE L'OUEST;987;AMADOU MAKHTAR GUEYE;655.957;51896024.94;30/04/2021;16/08/2021;ACC
CDI07007278;GE HEALTHCARE GMBH;TECHNOLOGIE SERVICES;1;50000;15594805;TECHNOLOGIE SERVICES;706;IBRAHIMA KEBE;561.392872;28069643.6;07/12/2020;09/07/2021;ACC
CDI07007253;TECHNOLUBE LLC;SICAS;1;51560;8080100;SICAS;933;IBRAHIMA SALL;560.590081;28904024.58;14/09/2020;09/12/2020;ACC
CDI07007338;PANASONIC MARKETING MIDDLE EAST;SOCOMAF;1;79020;8123615;SOCOMAF;531;SAMBA KHARY NIANG;560.111402;44260002.99;16/06/2021;30/08/2021;ACC
CDI07007378;IMACAB;CASSIS EQUIPEMENTS SAU;86;132482;15813005;CASSIS EQUIPEMENTS SAU;367;NDEYE ANNA DIOUF;655.957;86902495.27;21/12/2021;31/03/2022;DIF
CDI07007259;SYSTO SOLAR;SOLENE AFRIQUE DE L'OUEST;86;42978;15266805;SOLENE AFRIQUE DE L'OUEST;987;AMADOU MAKHTAR GUEYE;655.957;28191719.95;15/10/2020;30/12/2020;ACC
CDI07007341;GE HEALTHCARE GMBH;TECHNOLOGIE SERVICES;1;42000;15594805;TECHNOLOGIE SERVICES;706;IBRAHIMA KEBE;569.798894;23931553.55;28/06/2021;22/11/2021;ACC
CDI07007272;CPS AFRICA;EMINENCE MOTORS GARANTEE SA;86;97950;15689405;EMINENCE MOTORS GARANTEE SA;706;IBRAHIMA KEBE;655.957;64250988.15;19/11/2020;28/02/2021;ACC
CDI07007235;BEST CHOICE INTERNATIONAL TRADE .;SICAS;1;29561;8080100;SICAS;933;IBRAHIMA SALL;560.974564;16582969.09;10/07/2020;16/09/2020;ACC
CDI07007220;BATTENFELD-CINCINNATI GERMANY;POLYTEK SA;86;427000;26023689;POLYTEK SA;385;MAMADOU YAKHAM GUEYE;655.957;280093639;15/06/2020;21/12/2020;VUE
CDI07007337;PANASONIC MARKETING MIDDLE EAST;SOCOMAF;1;292541;8123615;SOCOMAF;531;SAMBA KHARY NIANG;566.524636;165731683.54;16/06/2021;25/08/2021;ACC
CDI07007325;EL SEWEDY CABLES ALGERIA;CASSIS EQUIPEMENTS SAU;1;86847.5;15813005;CASSIS EQUIPEMENTS SAU;367;NDEYE ANNA DIOUF;558.176615;48476243.57;26/04/2021;31/07/2021;ACC
CDI07007376;SYSTO SOLAR;SOLENE AFRIQUE DE L'OUEST;86;160635.5;15266805;SOLENE AFRIQUE DE L'OUEST;987;AMADOU MAKHTAR GUEYE;655.957;105369980.67;07/12/2021;03/03/2022;ACC
CDI07007216;GE HEALTHCARE LIMITED;TECHNOLOGIE SERVICES;86;30000;15594805;TECHNOLOGIE SERVICES;706;IBRAHIMA KEBE;655.957;19678710;08/06/2020;21/01/2021;ACC
CDI07007306;ASSET CARS FZE;EMINENCE MOTORS GARANTEE SA;1;214700;15689405;EMINENCE MOTORS GARANTEE SA;706;IBRAHIMA KEBE;553.161979;118763876.89;01/03/2021;21/05/2021;ACC
CDI07007303;KUMHO TIRE CO., INC;SICAS;1;91397.28;8080100;SICAS;933;IBRAHIMA SALL;555.262136;50749448.92;24/02/2021;17/05/2021;ACC
CDI07007231;BATTAGION SPA;POLYTEK SA;86;87500;26023689;POLYTEK SA;385;MAMADOU YAKHAM GUEYE;655.957;57396237.5;08/07/2020;31/01/2021;VUE
CDI07007248;PANASONIC MARKETING MIDDLE EAST;SOCOMAF;1;35100;8123615;SOCOMAF;531;SAMBA KHARY NIANG;560.590081;19676711.84;21/08/2020;30/11/2020;VUE
CDI07007355;JOBASI SA;CASSIS EQUIPEMENTS SAU;86;244810;15813005;CASSIS EQUIPEMENTS SAU;367;NDEYE ANNA DIOUF;655.957;160584833.17;13/09/2021;31/12/2021;DIF
CDI07007243;SYSTO SOLAR;SOLENE AFRIQUE DE L'OUEST;86;69678;15266805;SOLENE AFRIQUE DE L'OUEST;987;AMADOU MAKHTAR GUEYE;655.957;45705771.85;05/08/2020;07/11/2020;ACC
CDI07007218;CARESTREAM HEALTH SA;TECHNOLOGIE SERVICES;86;65463.48;15594805;TECHNOLOGIE SERVICES;706;IBRAHIMA KEBE;655.957;42941227.95;08/06/2020;21/10/2020;ACC
CDI07007265;EUROL BV;EMINENCE MOTORS GARANTEE SA;86;35794.56;15689405;EMINENCE MOTORS GARANTEE SA;706;IBRAHIMA KEBE;655.957;23479692.19;28/10/2020;28/02/2021;ACC
CDI07007207;ZAFCO FZCO;SICAS;1;29875;8080100;SICAS;933;IBRAHIMA SALL;580.259048;17335239.06;24/04/2020;17/07/2020;ACC
CDI07007263;SCITEQ A/S;POLYTEK SA;86;56310.8;26023689;POLYTEK SA;385;MAMADOU YAKHAM GUEYE;655.957;36937463.44;26/10/2020;31/12/2020;VUE
CDI07007210;PANASONIC MARKETING MIDDLE EAST;SOCOMAF;1;139910;8123615;SOCOMAF;531;SAMBA KHARY NIANG;588.652459;82358365.54;28/04/2020;31/07/2020;ACC
CDI07007323;IWAKI FRANCE;CASSIS EQUIPEMENTS SAU;86;19500;15813005;CASSIS EQUIPEMENTS SAU;367;NDEYE ANNA DIOUF;655.957;12791161.5;26/04/2021;30/09/2021;ACC
CDI07007352;HOPPECKE BATTERIEN GMBH AND CO KG;SOLENE AFRIQUE DE L'OUEST;86;284646.28;15266805;SOLENE AFRIQUE DE L'OUEST;987;AMADOU MAKHTAR GUEYE;655.957;186715719.89;27/08/2021;17/01/2022;ACC
CDI07007251;GE HEALTHCARE IRELAND LIMITED;TECHNOLOGIE SERVICES;86;43200;15594805;TECHNOLOGIE SERVICES;706;IBRAHIMA KEBE;655.957;28337342.4;01/09/2020;21/01/2021;ACC
CDI07007332;CPS AFRICA;EMINENCE MOTORS GARANTEE SA;86;191050;15689405;EMINENCE MOTORS GARANTEE SA;706;IBRAHIMA KEBE;655.957;125320584.85;28/05/2021;30/08/2021;ACC
CDI07007304;KUMHO TIRE  CO, CO INC;SICAS;1;41216.38;8080100;SICAS;933;IBRAHIMA SALL;571.642553;23561036.69;24/02/2021;31/12/2021;ACC
CDI07007232;CORELCO SAS;POLYTEK SA;86;91000;26023689;POLYTEK SA;385;MAMADOU YAKHAM GUEYE;655.957;59692087;08/07/2020;20/12/2020;VUE
CDI07007375;PANASONIC MIDDLE EAST AND AFRICA;SOCOMAF;1;54145;8123615;SOCOMAF;531;SAMBA KHARY NIANG;584.833179;31665792.48;02/12/2021;15/03/2022;DIF
CDI07007234;A, MINE CARMO SA;CASSIS EQUIPEMENTS SAU;86;275184;15813005;CASSIS EQUIPEMENTS SAU;367;NDEYE ANNA DIOUF;655.957;180508871.1;08/07/2020;21/09/2020;ACC
CDI07007351;HOPPECKE BATTERIEN GMBH AND CO KG;SOLENE AFRIQUE DE L'OUEST;86;287748.62;15266805;SOLENE AFRIQUE DE L'OUEST;987;AMADOU MAKHTAR GUEYE;655.957;188750721.53;27/08/2021;17/01/2022;DIF
CDI07007289;MEDTRONIC TRADING NL B.V.;TECHNOLOGIE SERVICES;1;57123.25;15594805;TECHNOLOGIE SERVICES;706;IBRAHIMA KEBE;550.034512;31419758.94;25/01/2021;22/06/2021;ACC
CDI07007349;DEINE INTERNATIONAL LLC;EMINENCE MOTORS GARANTEE SA;1;90300;15689405;EMINENCE MOTORS GARANTEE SA;706;IBRAHIMA KEBE;569.177201;51396701.25;18/08/2021;31/10/2021;VUE
CDI07007227;SEBANG GLBOAL BATTERY CO, LTD;SICAS;1;42850.32;8080100;SICAS;933;IBRAHIMA SALL;569.480535;24402423.16;29/06/2020;16/09/2020;ACC
CDI07007230;INDUSTRIAL FRIGO SRL;POLYTEK SA;86;62300;26023689;POLYTEK SA;385;MAMADOU YAKHAM GUEYE;655.957;40866121.1;08/07/2020;18/09/2020;VUE
CDI07007348;PANASONIC MARKETING MIDDLE EAST;SOCOMAF;1;171820;8123615;SOCOMAF;531;SAMBA KHARY NIANG;560.694457;96338521.6;10/08/2021;25/09/2021;ACC
CDI07007286;JOBASI SA;CASSIS EQUIPEMENTS SAU;86;336835.5;15813005;CASSIS EQUIPEMENTS SAU;367;NDEYE ANNA DIOUF;655.957;220949604.07;18/01/2021;31/03/2021;ACC
CDI07007190;SYSTO SOLAR;SOLENE AFRIQUE DE L'OUEST;86;54392.6;15266805;SOLENE AFRIQUE DE L'OUEST;987;AMADOU MAKHTAR GUEYE;655.957;35679206.72;22/01/2020;14/04/2020;ACC
CDI07007273;GE HEALTHCARE IRELAND LIMITED;TECHNOLOGIE SERVICES;86;48240;15594805;TECHNOLOGIE SERVICES;706;IBRAHIMA KEBE;655.957;31643365.68;24/11/2020;21/01/2021;ACC
CDI07007310;MERCURY GLOBAL FZE;EMINENCE MOTORS GARANTEE SA;1;361000;15689405;EMINENCE MOTORS GARANTEE SA;706;IBRAHIMA KEBE;542.477212;195834273.53;10/03/2021;11/06/2021;ACC
CDI07007262;GRAEWE GMBH;POLYTEK SA;86;61600;26023689;POLYTEK SA;385;MAMADOU YAKHAM GUEYE;655.957;40406951.2;26/10/2020;31/12/2020;VUE
CDI07007295;TOP CABLES SA;CASSIS EQUIPEMENTS SAU;86;202526;15813005;CASSIS EQUIPEMENTS SAU;367;NDEYE ANNA DIOUF;655.957;132848347.38;04/02/2021;31/03/2021;ACC
CDI07007199;SYSTO SOLAR;SOLENE AFRIQUE DE L'OUEST;86;142084.8;15266805;SOLENE AFRIQUE DE L'OUEST;987;AMADOU MAKHTAR GUEYE;655.957;93201519.15;16/03/2020;30/05/2020;ACC
CDI07007305;WAFRAH GENERAL TRADING LLC;EMINENCE MOTORS GARANTEE SA;1;227100;15689405;EMINENCE MOTORS GARANTEE SA;706;IBRAHIMA KEBE;551.311523;125202846.87;26/02/2021;21/05/2021;VUE
CDI07007267;TRIA SPA;POLYTEK SA;86;55300;26023689;POLYTEK SA;385;MAMADOU YAKHAM GUEYE;655.957;36274422.1;02/11/2020;28/02/2021;VUE
CDI07007287;SCAM;CASSIS EQUIPEMENTS SAU;86;126960;15813005;CASSIS EQUIPEMENTS SAU;367;NDEYE ANNA DIOUF;655.957;83280300.72;19/01/2021;30/06/2021;ACC
CDI07007202;HYDROSUD INTERNATIONAL;SOLENE AFRIQUE DE L'OUEST;86;85700;15266805;SOLENE AFRIQUE DE L'OUEST;987;AMADOU MAKHTAR GUEYE;655.957;56215514.9;26/03/2020;31/07/2020;ACC
CDI07007257;YELLOW LINE EXPORT AND IMPORT;EMINENCE MOTORS GARANTEE SA;1;117625;15689405;EMINENCE MOTORS GARANTEE SA;706;IBRAHIMA KEBE;563.632878;66297317.27;13/10/2020;15/11/2020;ACC
CDI07007233;IPM SRL;POLYTEK SA;86;532000;26023689;POLYTEK SA;385;MAMADOU YAKHAM GUEYE;655.957;348969124;08/07/2020;19/12/2020;VUE
CDI07007353;SCHNEIDER ELECTRIC INTERNATIONAL;CASSIS EQUIPEMENTS SAU;86;812513;15813005;CASSIS EQUIPEMENTS SAU;367;NDEYE ANNA DIOUF;655.957;532973589.94;30/08/2021;24/02/2022;DIF
CDI07007209;HOPPECKE BATTERIEN GMBH & CO KG;SOLENE AFRIQUE DE L'OUEST;86;138844.63;15266805;SOLENE AFRIQUE DE L'OUEST;987;AMADOU MAKHTAR GUEYE;655.957;91076106.96;28/04/2020;21/08/2020;ACC
CDI07007261;ASSET CARS FZE;EMINENCE MOTORS GARANTEE SA;1;217750;15689405;EMINENCE MOTORS GARANTEE SA;706;IBRAHIMA KEBE;540.940249;117789739.2;21/10/2020;04/01/2021;ACC
CDI07007221;BATTENFELD CINCINNATI AUSTRIA GMB;POLYTEK SA;86;595000;26023689;POLYTEK SA;385;MAMADOU YAKHAM GUEYE;655.957;390294415;15/06/2020;21/12/2020;VUE
CDI07007318;SFE INTERNATIONALE;CASSIS EQUIPEMENTS SAU;86;293228.38;15813005;CASSIS EQUIPEMENTS SAU;367;NDEYE ANNA DIOUF;655.957;192345208.46;12/04/2021;30/06/2021;ACC
CDI07007334;SYSTO SOLAR;SOLENE AFRIQUE DE L'OUEST;86;168950;15266805;SOLENE AFRIQUE DE L'OUEST;987;AMADOU MAKHTAR GUEYE;655.957;110823935.15;03/06/2021;22/07/2021;ACC
CDI07007311;MENA MOTORS FZCO;EMINENCE MOTORS GARANTEE SA;1;62100;15689405;EMINENCE MOTORS GARANTEE SA;706;IBRAHIMA KEBE;555.998397;34527500.45;19/03/2021;31/05/2021;DIF
CDI07007203;ANGEL YEAST HONG KONG CO LIMITED;EUROGERM SENEGAL SARL;1;38010;15505705;EUROGERM SENEGAL SARL;556;HAROUNA YARADOU;614.032559;23339377.57;02/04/2020;06/06/2020;VUE
CDI07007255;SILEC CABLE SAS;CASSIS EQUIPEMENTS SAU;86;319142.41;15813005;CASSIS EQUIPEMENTS SAU;367;NDEYE ANNA DIOUF;655.957;209343697.8;02/10/2020;30/04/2021;ACC
CDI07007198;HOPPECKE BATTERIEN GMBH & CO KG;SOLENE AFRIQUE DE L'OUEST;86;156721.88;15266805;SOLENE AFRIQUE DE L'OUEST;987;AMADOU MAKHTAR GUEYE;655.957;102802814.2;27/02/2020;10/06/2020;ACC
CDI07007246;CPS AFRICA;EMINENCE MOTORS GARANTEE SA;86;373800;15689405;EMINENCE MOTORS GARANTEE SA;706;IBRAHIMA KEBE;655.957;245196726.6;19/08/2020;31/10/2020;ACC
CDI07007194;ANGEL YEAST HONG KONG CO LIMITED;EUROGERM SENEGAL SARL;1;59400;15505705;EUROGERM SENEGAL SARL;556;HAROUNA YARADOU;600.949313;35696389.19;07/02/2020;05/04/2020;ACC
CDI07007197;ELECTRO SOUND INDUSTRIES (INES);CASSIS EQUIPEMENTS SAU;86;40300;15813005;CASSIS EQUIPEMENTS SAU;367;NDEYE ANNA DIOUF;655.957;26435067.1;12/02/2020;21/04/2020;ACC
CDI07007362;HYDROSUD;SOLENE AFRIQUE DE L'OUEST;86;57946.36;15266805;SOLENE AFRIQUE DE L'OUEST;987;AMADOU MAKHTAR GUEYE;655.957;38010320.47;25/10/2021;15/01/2022;ACC
CDI07007336;ASSET CARS FZE;EMINENCE MOTORS GARANTEE SA;1;143100;15689405;EMINENCE MOTORS GARANTEE SA;706;IBRAHIMA KEBE;560.836849;80255753.09;10/06/2021;30/08/2021;ACC
CDI07007373;EL SEWEDY CABLES ALGERIA;CASSIS EQUIPEMENTS SAU;1;68070;15813005;CASSIS EQUIPEMENTS SAU;367;NDEYE ANNA DIOUF;588.009843;40025830.01;30/11/2021;21/03/2022;DIF
CDI07007258;SYSTO SOLAR;SOLENE AFRIQUE DE L'OUEST;86;57420;15266805;SOLENE AFRIQUE DE L'OUEST;987;AMADOU MAKHTAR GUEYE;655.957;37665050.94;15/10/2020;30/12/2020;ACC
CDI07007192;WORLD AUTO INTERNATIONAL FZE;EMINENCE MOTORS GARANTEE SA;1;204210;15689405;EMINENCE MOTORS GARANTEE SA;706;IBRAHIMA KEBE;610.574958;124685512.2;03/02/2020;06/05/2020;VUE
CDI07007252;CHINT ELECTRIC CO, LTD;CASSIS EQUIPEMENTS SAU;1;682100;15813005;CASSIS EQUIPEMENTS SAU;367;NDEYE ANNA DIOUF;549.491636;374808244.9;07/09/2020;31/03/2021;ACC
CDI07007333;SYSTO SOLAR;SOLENE AFRIQUE DE L'OUEST;86;117600;15266805;SOLENE AFRIQUE DE L'OUEST;987;AMADOU MAKHTAR GUEYE;655.957;77140543.2;03/06/2021;21/07/2022;ACC
CDI07007247;MENA MOTORS FZCO;EMINENCE MOTORS GARANTEE SA;1;133200;15689405;EMINENCE MOTORS GARANTEE SA;706;IBRAHIMA KEBE;567.480595;75588415.25;21/08/2020;31/10/2020;ACC
CDI07007326;TEMPER ENERGY INTERNATIONAL SL;CASSIS EQUIPEMENTS SAU;1;61965;15813005;CASSIS EQUIPEMENTS SAU;367;NDEYE ANNA DIOUF;557.214226;34527779.51;26/04/2021;30/09/2021;ACC
CDI07007308;WORLD AUTO INTERNATIONAL FZE;EMINENCE MOTORS GARANTEE SA;1;282040;15689405;EMINENCE MOTORS GARANTEE SA;706;IBRAHIMA KEBE;556.488766;156952091.56;03/03/2021;05/05/2021;VUE
CDI07007284;A MILNE CARMO S.A;CASSIS EQUIPEMENTS SAU;86;233730;15813005;CASSIS EQUIPEMENTS SAU;367;NDEYE ANNA DIOUF;655.957;153316829.61;12/01/2021;31/03/2021;ACC
CDI07007228;ELECTRO SOUND INDUSTRIES (INES);CASSIS EQUIPEMENTS SAU;86;586425.5;15813005;CASSIS EQUIPEMENTS SAU;367;NDEYE ANNA DIOUF;655.957;384669911.7;03/07/2020;21/01/2021;ACC
CDI07007335;AFRIQUIA LUBRIFIANTS MAROC;LUBENS GROUP;86;51388.54;26057797;LUBENS GROUP;871;MIMI DIABY;655.957;33708672.53;08/06/2021;21/08/2021;ACC
CDI07007226;GE GRID SOLUTIONS (UK) LIMITED;CASSIS EQUIPEMENTS SAU;86;24003;15813005;CASSIS EQUIPEMENTS SAU;367;NDEYE ANNA DIOUF;655.957;15744935.87;29/06/2020;10/09/2020;ACC
CDI07007354;AFRIQUIA LUBRIFIANTS MAROC;LUBENS GROUP;86;109609.16;26057797;LUBENS GROUP;871;MIMI DIABY;655.957;71898895.77;08/09/2021;17/10/2021;DIF
CDI07007285;AFRIQUIA LUBRIFIANTS MAROC;LUBENS GROUP;86;46035.72;26057797;LUBENS GROUP;871;MIMI DIABY;655.957;30197452.78;18/01/2021;31/03/2021;ACC
CDI07007372;AFRIQUIA LUBRIFIANTS MAROC;LUBENS GROUP;86;33853.4;26057797;LUBENS GROUP;871;MIMI DIABY;655.957;22206374.7;30/11/2021;19/02/2022;DIF
CDI07007269;CAS AUTO LLC;EMINENCE MOTORS GARANTEE SA;1;103000;15689405;EMINENCE MOTORS GARANTEE SA;369;NDEYE OULIMATA BOYE;561.7022501;57855331.76;13/11/2020;28/02/2021;VUE
CDI07007270;GARCIA MUNTE ENERGIA SL;CIMENTS DU SAHEL;1;2592000;8152415;CIMENTS DU SAHEL;215;Moussa KA;558.1672101;1446769408.58;18/11/2020;12/01/2021;VUE
CDI07007282;PACCOR TURKEY AMBALAJ SAN. AS;LA LAITERIE DU BERGER;86;67516.26;25956400;LA LAITERIE DU BERGER;295;KHADY LO;655.957;44287763.36;06/01/2021;13/03/2021;VUE
CDE07001014;SNSSS;KOUYATE YVONNE D/C C IS YVONNE;0;71750000;830;SNSSS;556;HAROUNA YARADOU;1;71750000;19/01/2021;13/04/2021;ACC
CDI07007290;JEMAS GENERAL TRADING LLC;CIMENTS DU SAHEL;1;1646000;8152415;CIMENTS DU SAHEL;385;MAMADOU YAKHAM GUEYE;545.4157981;897754403.67;01/02/2021;28/02/2021;VUE
CDI07007292;ABB SA;TECHNIMEX;86;41600;8148715;TECHNIMEX;987;AMADOU MAKHTAR GUEYE;655.957;27287811.2;02/02/2021;08/05/2021;ACC
CDI07007324;OGE;CASSIS EQUIPEMENTS SAU;86;385725;15813005;CASSIS EQUIPEMENTS SAU;367;NDEYE ANNA DIOUF;655.957;253019013.83;26/04/2021;30/09/2021;ACC
CDI07007330;CJ PETROW INTERNATIONAL LIMITED;CIMENTS DU SAHEL;1;2540000;8152415;CIMENTS DU SAHEL;385;MAMADOU YAKHAM GUEYE;544.8819959;1384000269.59;11/05/2021;30/06/2021;VUE
CDI07007340;CJ PETROW INTERNATIONAL LIMITED;CIMENTS DU SAHEL;1;2840000;8152415;CIMENTS DU SAHEL;385;MAMADOU YAKHAM GUEYE;546.7616592;1552803112.13;17/06/2021;25/08/2021;VUE
CDI07007366;DUCAB  ALUMINIUM COMPANY LLC;SABODALA GOLD OPERATIONS;1;142248.02;15669205;SABODALA GOLD OPERATIONS;871;MIMI DIABY;584.7867193;83184752.94;19/11/2021;30/12/2021;DIF
CDI07007407;PIRELLI TYRE (SUISSE) SA;SICAS;86;30732.3;8080100;SICAS;D17;CHEIKH TALIBOUYA NDIAYE;655.957;20159067.31;12/04/2022;25/06/2022;ACC
CDE07001026;SNSSS;KOUYATE YVONNE S/C;0;105500000;830;SNSSS;647;MARIEME SOUGOU;1;105500000;14/04/2022;11/07/2022;ACC
CDI07007387;JINDAL SAW GULF LLC;SVTPGC;1;219835;15005800;SVTPGC;369;NDEYE OULIMATA BOYE;616.8683147;135609246;21/01/2022;21/04/2022;ACC
CDI07007383;TRAFIGURA PTE LTD;ELTON;86;2470414.55;15434605;ELTON OIL COMPANY SA;871;MIMI DIABY;655.957;1620485717;07/01/2022;07/04/2022;ACC
CDI07007384;PROMETEON TYRE GROUP (SUISSE) SA;SICAS;86;48029.75;8080100;SICAS;D17;CHEIKH TALIBOUYA NDIAYE;655.957;31505450.72;10/01/2022;04/04/2022;ACC
CDI07007385;PROMETON TYRE GROUP (SUISSE) SA;SICAS;86;48326.18;8080100;SICAS;D17;CHEIKH TALIBOUYA NDIAYE;655.957;31699896.05;10/01/2022;04/04/2022;ACC
CDI07007388;LE RESERVOIR MASSAL;SVTPGC;86;53765;15005800;SVTPGC;369;NDEYE OULIMATA BOYE;655.957;35267528.11;24/01/2022;02/05/2022;VUE
CDI07007389;PANASONIC MIDDLE EAST AND AFRICA;SOCOMAF;1;91840;8123615;SOCOMAF;531;SAMBA KHARY NIANG;603.2529957;55402755.13;03/02/2022;30/03/2022;ACC
CDI07007386;FGI;PATISEN;86;68987.71;8056600;PATISEN;409;MAME ISSA GUEYE;655.957;45252971.29;18/01/2022;21/03/2022;DIF
CDI07007390;PANASONIC MIDDLE EAST AND AFRICA;SOCOMAF;1;31502.52;8123615;SOCOMAF;531;SAMBA KHARY NIANG;628.3828154;19795642.21;11/02/2022;25/07/2022;DIF
CDI07007391;PLENO AMBIENTE SA;CSE;86;243357;8022400;CSE;385;MAMADOU YAKHAM GUEYE;655.957;159631727.6;21/02/2022;21/05/2022;ACC
CDI07007394;FOSROC EUCO SA;SVTPGC;86;17735;15005800;SVTPGC;369;NDEYE OULIMATA BOYE;655.957;11633397.4;03/03/2022;28/04/2022;ACC
CDI07007395;JOBASI SA;CASSIS EQUIPEMENTS SAU;86;654060;15813005;CASSIS EQUIPEMENTS SAU;796;MOHAMED N NDIAYE;655.957;429035235.4;03/03/2022;09/09/2022;DIF
CDI07007396;TOP CABLE SA;CASSIS EQUIPEMENTS SAU;86;73335.45;15813005;CASSIS EQUIPEMENTS SAU;796;MOHAMED N NDIAYE;655.957;48104901.78;15/03/2022;30/06/2022;DIF
CDI07007392;A DUE DI SQUERI DONATO & C.S.P.A;SIAGRO;86;363510;15408305;SIAGRO;409;MAME ISSA GUEYE;655.957;238446929.1;21/02/2022;21/04/2022;ACC
CDI07007393;HOPPECKE BATTERIEN GMBH & CO KG;SOLENE AFRIQUE DE L'OUEST;86;224578.8;15266805;SOLENE AFRIQUE DE L'OUEST;369;NDEYE OULIMATA BOYE;655.957;147314035.9;24/02/2022;17/05/2022;DIF
CDI07007397;JA SOLAR INTERNATIONAL LIMITED;SOLENE AFRIQUE DE L'OUEST;1;186977.12;15266805;SOLENE AFRIQUE DE L'OUEST;369;NDEYE OULIMATA BOYE;636.4476733;119001153;24/03/2022;31/05/2022;ACC
CDI07007398;TRAFIGURA PTE LTD;ELTON;86;2491255.59;15434605;ELTON OIL COMPANY SA;871;MIMI DIABY;655.957;1634156543;24/03/2022;24/06/2022;DIF
CDI07007399;ALM INTERNATIONAL;SODEFITEX;86;342000;8078900;SODEFITEX;556;HAROUNA YARADOU;655.957;224337294;25/03/2022;15/05/2022;DIF
CDI07007400;FGI;PATISEN;86;63428.04;8056600;PATISEN;409;MAME ISSA GUEYE;655.957;41606066.83;30/03/2022;21/05/2022;DIF
CDI07007402;JINDAL SAW GULF LLC;SVTPGC;1;1211438.26;15005800;SVTPGC;369;NDEYE OULIMATA BOYE;628.347057;761203665.4;05/04/2022;30/06/2022;DIF
CDI07007403;FERLINK SA;FABRIMETAL SENEGAL SA;1;1639440;25993388;FABRIMETAL SENEGAL SA;696;ALASSANE SAMBA LY;606.3336903;994047705.2;06/04/2022;28/06/2022;DIF
CDI07007440;GE MEDICAL SYSTEMS;TECHNOLOGIE SERVICES;86;43350;15594805;TECHNOLOGIE SERVICES;709;ABIBOU BEYE;655.957;28435735.95;17/10/2022;31/03/2023;DIF
CDI07007405;FABRIMETAL LDA;FABRIMETAL SENEGAL SA;1;1947500;25993388;FABRIMETAL SENEGAL SA;696;ALASSANE SAMBA LY;606.3336903;1180834862;06/04/2022;25/05/2022;ACC
CDI07007406;HOPPECKE BATTERIEN GMBH & CO KG;SOLENE AFRIQUE DE L'OUEST;86;483499.18;15266805;SOLENE AFRIQUE DE L'OUEST;369;NDEYE OULIMATA BOYE;655.957;317154671.6;08/04/2022;17/06/2022;DIF
CDI07007408;FERLINK SA;FABRIMETAL SENEGAL SA;1;1052411.6;25993388;FABRIMETAL SENEGAL SA;696;ALASSANE SAMBA LY;624.491295;657221883;15/04/2022;28/06/2022;DIF
CDI07007409;SAINT-GOBAIN INDIA PRIVATE LIMITE;SCHÜLLER SARL;86;64343.4;26007180;SCHÜLLER SARL;369;NDEYE OULIMATA BOYE;655.957;42206503.63;27/04/2022;30/06/2022;DIF
CDI07007410;HIMOINSA A YANMAR COMPANY;SOLENE AFRIQUE DE L'OUEST;86;99607.54;15266805;SOLENE AFRIQUE DE L'OUEST;369;NDEYE OULIMATA BOYE;655.957;65338263.12;12/05/2022;15/09/2022;DIF
CDI07007411;HIMOINSA A YANMAR COMPANY;SOLENE AFRIQUE DE L'OUEST;86;99607.54;15266805;SOLENE AFRIQUE DE L'OUEST;369;NDEYE OULIMATA BOYE;655.957;65338263.12;12/05/2022;21/11/2022;DIF
CDI07007429;RISO FRANCE;OUMOU GROUP;86;80250;26010482;OUMOU GROUP;709;ABIBOU BEYE;655.957;52640549.25;20/07/2022;15/10/2022;ACC
CDE07001027;SNSSS;NESTLE COTE D IVOIRE;0;67200000;830;SNSSS;647;MARIEME SOUGOU;1;67200000;04/05/2022;31/07/2022;VUE
CDI07007413;MOREDA RIVIERE TREFILERIAS SA;INDUSTRY FOR PACKAGING & CONSTRUCTI;86;40875;15618605;INDUSTRY FOR PACKAGING & CONSTRUCTIO;696;ALASSANE SAMBA LY;655.957;26812242.38;13/05/2022;21/07/2022;DIF
CDI07007414;PIRELLI TYRE (SUISSE) SA;SICAS;86;21719.16;8080100;SICAS;D17;CHEIKH TALIBOUYA NDIAYE;655.957;14246835.04;19/05/2022;12/08/2022;ACC
CDI07007416;PANASONIC MIDDLE EAST AND AFRICA;SOCOMAF;1;134625;8123615;SOCOMAF;531;SAMBA KHARY NIANG;621.0432986;83607954.07;27/05/2022;30/07/2022;ACC
CDE07001028;SNSSS;NESTLE COTE D IVOIRE;0;67200000;830;SNSSS;647;MARIEME SOUGOU;1;67200000;27/05/2022;31/07/2022;VUE
CDI07007417;AFRIQUIA LUBRIFIANTS MAROC;LUBENS GROUP;86;106813.68;26057797;LUBENS GROUP SAS;871;MIMI DIABY;655.957;70065181.09;01/06/2022;19/06/2022;DIF
CDI07007415;EKOSSINERJI ELEKTRIK SAN VE TIC A;CASSIS EQUIPEMENTS SAU;86;31000;15813005;CASSIS EQUIPEMENTS SAU;796;MOHAMED N NDIAYE;655.957;20334667;23/05/2022;30/09/2022;DIF
CDI07007418;PIRELLI TYRE (SUISSE) SA;SICAS;86;18606;8080100;SICAS;D17;CHEIKH TALIBOUYA NDIAYE;655.957;12204735.94;09/06/2022;20/08/2022;ACC
CDI07007419;TECHNO LUBE LLC;SICAS;1;118560.26;8080100;SICAS;D17;CHEIKH TALIBOUYA NDIAYE;621.8360552;73725044.38;09/06/2022;20/08/2022;ACC
CDI07007420;SAINT-GOBAIN PAM CANALISATION;SEN'EAU - EAU DU SENEGAL SA;86;1508851.12;26045335;SEN'EAU - EAU DU SENEGAL SA;796;MOHAMED N NDIAYE;655.957;989741454.1;09/06/2022;21/08/2022;NEG
CDI07007421;TEK TRANSFORMATOR MAKINA ELEKTRIK;CASSIS EQUIPEMENTS SAU;1;1066200;15813005;CASSIS EQUIPEMENTS SAU;796;MOHAMED N NDIAYE;688.6150816;734201400;14/06/2022;20/11/2022;DIF
CDI07007422;ASSA ABLOY FRANCE SAS;CASSIS EQUIPEMENTS SAU;86;624370;15813005;CASSIS EQUIPEMENTS SAU;796;MOHAMED N NDIAYE;655.957;409559872.1;21/06/2022;30/09/2022;DIF
CDI07007423;SMITHS DETECTION FRANCE SAS;SYNERGIES AFRIQUE;86;108539.63;15613505;SYNERGIES AFRIQUE;452;DIOKHANE KHADIM;655.957;71197330.08;23/06/2022;30/04/2023;DIF
CDE07001029;SODEFITEX;DOCOFIL SOCIEDADE TEXTIL LDA;86;76796.19;8078900;SODEFITEX;556;HAROUNA YARADOU;655.957;50374998.4;30/06/2022;15/08/2022;VUE
CDI07007424;HOPPECKE BATTERIEN GMBH & CO KG;SOLENE AFRIQUE DE L'OUEST;86;187874.29;15266805;SOLENE AFRIQUE DE L'OUEST;369;NDEYE OULIMATA BOYE;655.957;123237455.6;18/07/2022;15/11/2022;DIF
CDI07007426;SYSTO SOLAR;SOLENE AFRIQUE DE L'OUEST;86;121680.12;15266805;SOLENE AFRIQUE DE L'OUEST;369;NDEYE OULIMATA BOYE;655.957;79816926.47;19/07/2022;30/11/2022;ACC
CDI07007427;MOREDA RIVIERE TREFILERIAS SA;INDUSTRY FOR PACKAGING & CONSTRUCTI;86;28650;15618605;INDUSTRY FOR PACKAGING & CONSTRUCTIO;696;ALASSANE SAMBA LY;655.957;18793168.05;19/07/2022;13/10/2022;DIF
CDI07007412;TRADELAND COMMODITIES S.L.U.;CIMENTS DU SAHEL;1;2597756;8152415;CIMENTS DU SAHEL;385;MAMADOU YAKHAM GUEYE;651.9549006;1693619755;12/05/2022;20/07/2022;VUE
CDI07007425;SYSTO SOLAR;SOLENE AFRIQUE DE L'OUEST;86;179962.67;15266805;SOLENE AFRIQUE DE L'OUEST;369;NDEYE OULIMATA BOYE;655.957;118047773.1;18/07/2022;30/11/2022;ACC
CDI07007428;JA SOLAR INTERNATIONAL LIMITED;SOLENE AFRIQUE DE L'OUEST;1;274436.8;15266805;SOLENE AFRIQUE DE L'OUEST;369;NDEYE OULIMATA BOYE;641.7930717;176131636.9;19/07/2022;15/10/2022;NEG
CDI07007430;LONGI SOLAR TECHNOLOGIY;SOLENE AFRIQUE DE L'OUEST;1;103807.27;15266805;SOLENE AFRIQUE DE L'OUEST;369;NDEYE OULIMATA BOYE;663.6580619;68892531.62;20/07/2022;30/10/2022;DIF
CDI07007431;DECOUVERTES;INDUSTRY FOR PACKAGING & CONSTRUCTI;86;225180;15618605;INDUSTRY FOR PACKAGING & CONSTRUCTIO;696;ALASSANE SAMBA LY;655.957;147708397.3;19/08/2022;15/12/2022;DIF
CDI07007432;DALIAN FUCHANG CHEMICAL CO LTD;PATISEN;1;44000;8056600;PATISEN;409;MAME ISSA GUEYE;633.8900933;27891164.11;05/09/2022;21/01/2023;VUE
CDI07007433;EH EUROPE GMBH TRADING DIVISION;SOLENE AFRIQUE DE L'OUEST;86;163032;15266805;SOLENE AFRIQUE DE L'OUEST;369;NDEYE OULIMATA BOYE;655.957;106941981.6;05/09/2022;31/12/2022;DIF
CDE07001030;SNSSS;COMMERCE IVOIRIEN ET DE SERVICES;0;110750000;830;SNSSS;647;MARIEME SOUGOU;1;110750000;07/09/2022;11/10/2022;ACC
CDI07007434;SIGNATURE VERTICAL ET MOBILITY SO;CSE;86;65706.47;8022400;CSE;385;MAMADOU YAKHAM GUEYE;655.957;43100618.94;16/09/2022;07/12/2022;ACC
CDI07007435;TRAFIGURA PTE LTD;ELTON OIL COMPANY SA;86;2025300;15434605;ELTON OIL COMPANY SA;871;MIMI DIABY;655.957;1328509712;30/09/2022;29/12/2022;DIF
CDI07007436;OCATL SAOC FZC;PACK AFRICA-SA;1;1053000;26036206;PACK AFRICA-SA;696;ALASSANE SAMBA LY;677.1982275;713089733.6;30/09/2022;10/12/2022;DIF
CDI07007437;ERICSSON SENEGAL;SAGA AFRICA HOLDING LIMITED;0;1873722132;15379105;SAGA AFRICA HOLDING LIMITED;295;KHADY LO;1;1873722132;14/10/2022;30/09/2023;DIF
CDI07007438;ERICSSON SENEGAL;SAGA AFRICA HOLDING LIMITED;0;1873722132;15379105;SAGA AFRICA HOLDING LIMITED;295;KHADY LO;1;1873722132;14/10/2022;30/09/2023;DIF
CDI07007439;BUSINESS MACHINES AND SOLUTIONS;OUMOU GROUP;86;343735;26010482;OUMOU GROUP;709;ABIBOU BEYE;655.957;225475379.4;17/10/2022;31/12/2022;DIF
CDI07007445;GE MEDICAL SYSTEMS;TECHNOLOGIE SERVICES;1;157500;15594805;TECHNOLOGIE SERVICES;709;ABIBOU BEYE;616.988955;97175760.41;21/10/2022;21/02/2023;DIF
CDI07007441; ERICSSON SENEGAL;SAGA AFRICA HOLDING LIMITED;0;1873722132;15379105;SAGA AFRICA HOLDING LIMITED;295;KHADY LO;1;1873722132;17/10/2022;30/09/2023;DIF
CDI07007442;LONGI SOLAR TECHNOLOGY CO.,LTD;SOLENE AFRIQUE DE L'OUEST;1;503593.03;15266805;SOLENE AFRIQUE DE L'OUEST;369;NDEYE OULIMATA BOYE;659.1155339;331925988.8;18/10/2022;30/12/2022;DIF
CDI07007443;RAPIDE PIECES TECHNIQUES;GROUPE FAUZIE LAYOUSSE;86;21218.72;8083200;GROUPE FAUZIE LAYOUSSE;385;MAMADOU YAKHAM GUEYE;655.957;13918567.92;19/10/2022;30/11/2022;DIF
CDI07007444;RAPIDE PIECES TECHNIQUES;GROUPE FAUZIE LAYOUSSE;86;21218.78;8083200;GROUPE FAUZIE LAYOUSSE;385;MAMADOU YAKHAM GUEYE;655.957;13918607.27;19/10/2022;31/12/2022;DIF
CDI07007404;FERLINK SA;FABRIMETAL SENEGAL SA;1;293400;25993388;FABRIMETAL SENEGAL SA;696;ALASSANE SAMBA LY;672.8174045;197404626.5;07/04/2022;20/10/2022;DIF
CDI07007446;FALCONS GT MOTORS FZCO;EMINENCE MOTORS GARANTEE SA;86;1000000;15689405;EMINENCE MOTORS GARANTEE SA;D16;ADJA FATOU CISSE EP NIANG;655.957;655957000;26/10/2022;31/05/2023;DIF
CDI07007447;MEGGER;CASSIS EQUIPEMENTS SAU;86;128040;15813005;CASSIS EQUIPEMENTS SAU;796;MOHAMED N NDIAYE;655.957;83988734.28;11/11/2022;31/12/2022;DIF
CDI07007448;TECHNO LUBE LLC;SICAS;1;68397;8080100;SICAS;D17;CHEIKH TALIBOUYA NDIAYE;621.4335951;42504193.6;23/11/2022;24/01/2023;ACC
CDI07007449;PROMETEON TYRE GROUP  S.R.L;SICAS;86;54410.05;8080100;SICAS;D17;CHEIKH TALIBOUYA NDIAYE;655.957;35690653.17;28/11/2022;24/02/2023;ACC
CDI07007450;B G TRUCKS;SYNERGIES AFRIQUE;86;7500000;15613505;SYNERGIES AFRIQUE;452;DIOKHANE KHADIM;655.957;4919677500;29/11/2022;30/09/2023;DIF
CDI07007451;B G TRUCKS;SYNERGIES AFRIQUE;86;1000000;15613505;SYNERGIES AFRIQUE;452;DIOKHANE KHADIM;655.957;655957000;05/12/2022;25/07/2023;DIF
CDI07007452;MORCHEM S.A.U;POLYKROME;86;68803.7;15377905;POLYKROME;696;ALASSANE SAMBA LY;655.957;45132268.64;09/12/2022;09/03/2023;ACC
CDE07001031;SOCIETE DE CONSERVERIE EN AFRIQUE;SAS CENTRAL ALCOR;86;73436.4;15780005;SOCIETE DE CONSERVERIE EN AFRIQUE;409;MAME ISSA GUEYE;655.957;48171120.63;09/12/2022;21/01/2023;NEG
CDI07007453;MSGI;CASSIS EQUIPEMENTS SAU;86;688998.8;15813005;CASSIS EQUIPEMENTS SAU;796;MOHAMED N NDIAYE;655.957;451953585.9;14/12/2022;21/02/2023;DIF
CDI07007454;CARMO SA;CASSIS EQUIPEMENTS SAU;86;412000;15813005;CASSIS EQUIPEMENTS SAU;796;MOHAMED N NDIAYE;655.957;270254284;14/12/2022;21/02/2023;DIF
CDI07007455;FGI;PATISEN;86;93167.97;8056600;PATISEN;409;MAME ISSA GUEYE;655.957;61114182.1;20/12/2022;21/02/2023;DIF
CDI07007456;FOODS COMPANY;PATISEN;86;77897.24;8056600;PATISEN;409;MAME ISSA GUEYE;655.957;51097239.86;05/01/2023;10/03/2023;DIF
CDI07007457;SFE INTERNATIONAL;CASSIS EQUIPEMENTS SAU;86;775252.88;15813005;CASSIS EQUIPEMENTS SAU;796;MOHAMED N NDIAYE;655.957;508532553.4;05/01/2023;30/06/2023;NEG
CDI07007458;POWER CONNECT;SOLENE AFRIQUE DE L'OUEST;86;82565.6;15266805;SOLENE AFRIQUE DE L'OUEST;369;NDEYE OULIMATA BOYE;655.957;54159483.28;11/01/2023;17/03/2023;ACC
CDI07007459;AIPU FOOD INDUSTRY CO LTD;PATISEN;1;279280;8056600;PATISEN;409;MAME ISSA GUEYE;616.2199641;172097911.6;12/01/2023;21/04/2023;VUE
CDI07007460;SN APAGEO SAS;"AMADOU NIANE ""TOUT FAIRE GEOTECHNIQ";86;155775.11;25991790;TOUT FAIRE GEOTECHNIQUE;937;MOUHAMADOU MOUSTAPHA DIENG;655.957;102181773.8;12/01/2023;05/04/2023;VUE
CDI07007461;SICAMEX SAS;CASSIS EQUIPEMENTS SAU;86;145953;15813005;CASSIS EQUIPEMENTS SAU;796;MOHAMED N NDIAYE;655.957;95738892.02;13/01/2023;19/05/2023;DIF
CDI07007462;FUJIDEN INTERNATIONAL CORP;CSTM;86;507292.12;8024500;CSTM;696;ALASSANE SAMBA LY;655.957;332761817.2;12/01/2023;19/04/2023;NEG
CDI07007463;EMG SA;EMINENCE MOTORS GARANTEE SA;1;146800;15689405;EMINENCE MOTORS GARANTEE SA;D16;ADJA FATOU CISSE EP NIANG;611.9680122;89836904.19;17/01/2023;31/03/2023;VUE
CDI07007464;TRAFIGURA PTE LTD;ELTON OIL COMPANY SA;86;2135329.26;15434605;ELTON OIL COMPANY SA;871;MIMI DIABY;655.957;1400684175;18/01/2023;17/03/2023;DIF
CDI07007465;TRADEX FRANCE;EMINENCE MOTORS GARANTEE SA;86;180150;15689405;EMINENCE MOTORS GARANTEE SA;D16;ADJA FATOU CISSE EP NIANG;655.957;118170653.6;24/01/2023;28/03/2023;DIF
CDI07007466;TECNOLUBE LLC;SICAS;1;107150.2;8080100;SICAS;D17;CHEIKH TALIBOUYA NDIAYE;615.836187;65986970.6;09/02/2023;03/05/2023;ACC
CDI07007467;OCATL SAOC FZC;PACK AFRICA-SA;1;886950;26036206;PACK AFRICA-SA;696;ALASSANE SAMBA LY;627.6922064;556731602.5;10/02/2023;31/03/2023;DIF
CDI07007470;SIREL(STE D INGENIERIE ET DE;SENELEC;0;580702676;71023400;SENELEC;871;MIMI DIABY;1;580702676;21/02/2023;30/06/2023;VUE
CDI07007471;SIREL(STE D'INGENIERIE ET DE;SENELEC;0;580702676;71023400;SENELEC;871;MIMI DIABY;1;580702676;21/02/2023;30/06/2023;VUE
CDI07007472;TOSSCA-EQUIPAMENTOS EM MAD EIRA;CASSIS EQUIPEMENTS SAU;86;250000;15813005;CASSIS EQUIPEMENTS SAU;796;MOHAMED N NDIAYE;655.957;163989250;23/02/2023;30/06/2023;DIF
CDI07007468;ZHE JIANG JUST ELECTRICAL;SICAS;1;59144;8080100;SICAS;D17;CHEIKH TALIBOUYA NDIAYE;618.2037269;36563041.22;14/02/2023;21/05/2023;NEG
CDI07007469;PIRELLI TYRE (SUISSE) SA;SICAS;86;18900;8080100;SICAS;D17;CHEIKH TALIBOUYA NDIAYE;655.957;12397587.3;16/02/2023;06/05/2023;ACC
CDI07007473;TIONALE PTE. LTD;SICAS;1;71365;8080100;SICAS;D17;CHEIKH TALIBOUYA NDIAYE;1.01;72078.65;06/03/2023;05/06/2023;NEG
CDI07007475;SICAMEX S.A.S;CASSIS EQUIPEMENTS SAU;86;140740;15813005;CASSIS EQUIPEMENTS SAU;796;MOHAMED N NDIAYE;655.957;92319388.18;09/03/2023;06/05/2023;DIF
CDI07007476;GE HEALTHCARE GMBH;TECHNOLOGIE SERVICES;86;199000;15594805;TECHNOLOGIE SERVICES;709;ABIBOU BEYE;655.957;130535443;14/03/2023;30/09/2023;DIF
CDI07007477;CAR TO POINT AUTOMOBILE FZE;EMINENCE MOTORS GARANTEE SA;1;330200;15689405;EMINENCE MOTORS GARANTEE SA;D16;ADJA FATOU CISSE EP NIANG;617.6993908;203964338.8;14/03/2023;30/05/2023;DIF
CDI07007474;ABB FOR ELECTRICAL INDUSTRIES;SABODALA GOLD OPERATIONS;86;357000;15669205;SABODALA GOLD OPERATIONS;871;MIMI DIABY;655.957;234176649;08/03/2023;30/11/2023;VUE
CDI07007478;AUTOREDO FZE;EMINENCE MOTORS GARANTEE SA;86;229200;15689405;EMINENCE MOTORS GARANTEE SA;D16;ADJA FATOU CISSE EP NIANG;655.957;150345344.4;15/03/2023;30/05/2023;DIF
CDI07007479;SHENZHEN ITZR TECHNOLOGY;OUMOU GROUP;1;2213416;26010482;OUMOU GROUP;709;ABIBOU BEYE;609.5833959;1349261642;23/03/2023;30/12/2023;DIF
CDI07007480;NPI;CASSIS EQUIPEMENTS SAU;1;80492;15813005;CASSIS EQUIPEMENTS SAU;796;MOHAMED N NDIAYE;608.2151237;48956451.74;24/03/2023;21/05/2023;DIF
CDI07007481;BINACCHI E C. SRL;MANUFACTURES D'AFRIQUE SAU;86;3485000;26037024;MANUFACTURES D'AFRIQUE SAU;556;HAROUNA YARADOU;655.957;2286010145;28/03/2023;21/11/2023;MIX
CDI07007482;BALLESTRA S.P.A.;MANUFACTURES D'AFRIQUE SAU;86;201600;26037024;MANUFACTURES D'AFRIQUE SAU;556;HAROUNA YARADOU;655.957;132240931.2;30/03/2023;21/12/2023;VUE
CDI07007483;ZAKKA SYSTEMS SAL OFFSHORE;MANUFACTURES D'AFRIQUE SAU;86;248500;26037024;MANUFACTURES D'AFRIQUE SAU;556;HAROUNA YARADOU;655.957;163005314.5;30/03/2023;29/11/2023;MIX
CDI07007484;SIREL (STE D?INGENIERIE ET DE;SENELEC;0;146313065;71023400;SENELEC;871;MIMI DIABY;1;146313065;31/03/2023;30/09/2023;VUE
CDI07007485;HITACHI ENERGY TRANSFORMERS S.A.E;CASSIS EQUIPEMENTS SAU;86;119800;15813005;CASSIS EQUIPEMENTS SAU;796;MOHAMED N NDIAYE;655.957;78583648.6;31/03/2023;31/07/2023;DIF
CDI07007486;EB REBOSIO ELEKTRIK MAKTNA IMALAT;CASSIS EQUIPEMENTS SAU;86;58950;15813005;CASSIS EQUIPEMENTS SAU;796;MOHAMED N NDIAYE;655.957;38668665.15;31/03/2023;21/05/2023;DIF
CDI07007486;EB REBOSIO ELEKTRIK MAKTNA IMALAT;CASSIS EQUIPEMENTS SAU;86;58950;15813005;CASSIS EQUIPEMENTS SAU;796;MOHAMED N NDIAYE;655.957;38668665.15;03/04/2023;21/05/2023;DIF
CDI07007487;MSGI;CASSIS EQUIPEMENTS SAU;86;657497;15813005;CASSIS EQUIPEMENTS SAU;796;MOHAMED N NDIAYE;655.957;431289759.6;06/04/2023;30/06/2023;DIF
CDI07007488;ZAKKA SYSTEMS SAL OFFSHORE;MANUFACTURES D'AFRIQUE SAU;1;658000;26037024;MANUFACTURES D'AFRIQUE SAU;556;HAROUNA YARADOU;606.6945998;399205046.7;06/04/2023;29/10/2023;MIX
CDI07007489;HAIKE CO., LIMITED;JOKE COOL SA;1;120160.5;15767405;JOKE COOL SA;D16;ADJA FATOU CISSE EP NIANG;604.3590943;72620090.95;19/04/2023;25/07/2023;VUE
CDI07007490;ZAKKA SYSTEMS SAL OFFSHORE;MANUFACTURES D'AFRIQUE SAU;1;658000;26037024;MANUFACTURES D'AFRIQUE SAU;556;HAROUNA YARADOU;603.9238756;397381910.1;21/04/2023;29/10/2023;MIX
CDI07007491;TECHNOLUBE LLC;SICAS;1;65360;8080100;SICAS;D17;CHEIKH TALIBOUYA NDIAYE;600.9983762;39281253.87;25/04/2023;18/07/2023;ACC
CDI07007492;HITACHI ENERGY TRANSFORMERS S.A.E;CASSIS EQUIPEMENTS SAU;86;191200;15813005;CASSIS EQUIPEMENTS SAU;796;MOHAMED N NDIAYE;655.957;125418978.4;27/04/2023;31/07/2023;DIF
CDI07007493;THERMAX BABCOCK & WILCOX ENERGY;ICS;1;290000;11082300;ICS;696;ALASSANE SAMBA LY;602.9620121;174858983.5;03/05/2023;21/11/2023;DIF
CDI07007494;WEIR PUMP AND VALVE SOLUTIONS INC;ICS;1;233000;11082300;ICS;696;ALASSANE SAMBA LY;600.9874725;140030081.1;09/05/2023;21/11/2023;VUE
CDI07007495;SICAMEX S.A.S;CASSIS EQUIPEMENTS SAU;86;388078;15813005;CASSIS EQUIPEMENTS SAU;796;MOHAMED N NDIAYE;655.957;254562480.6;10/05/2023;21/07/2023;DIF
CDI07007496;TEK TRANSFORMATÖR MAKINA;CASSIS EQUIPEMENTS SAU;1;614258.25;15813005;CASSIS EQUIPEMENTS SAU;796;MOHAMED N NDIAYE;607.1950308;372974557;12/05/2023;31/08/2023;DIF
CDI07007497;EKOS TEKNOLJI VE ELEKTRIK A.S.;CASSIS EQUIPEMENTS SAU;86;73808;15813005;CASSIS EQUIPEMENTS SAU;796;MOHAMED N NDIAYE;655.957;48414874.26;12/05/2023;25/08/2023;DIF
CDI07007498;BAHWAN AUTOMOBILES AND TRADING;EMINENCE MOTORS GARANTEE SA;86;603820;15689405;EMINENCE MOTORS GARANTEE SA;D16;ADJA FATOU CISSE EP NIANG;655.957;396079955.7;15/05/2023;31/07/2023;DIF
CDI07007499;SGS AUSTRALIA PTY LTD;SABODALA GOLD OPERATIONS;8;234758.61;15669205;SABODALA GOLD OPERATIONS;871;MIMI DIABY;421.167475;98872691.01;16/05/2023;01/10/2023;VUE
CDE07001032;SENEVISA SA;SARL FAMEG FROID;86;130244;8087900;SENEVISA SA;647;MARIEME SOUGOU;655.957;85434463.51;19/05/2023;08/08/2023;VUE
CDI07007500;SCHNEIDER ELECTRIC INTERNATIONAL;DP WORLD DAKAR;86;165500;15660005;DP WORLD DAKAR;367;NDEYE ANNA DIOUF;655.957;108560883.5;19/05/2023;21/04/2024;VUE
CDI07007501;MICHAUD EXPORT;CASSIS EQUIPEMENTS SAU;86;262646.6;15813005;CASSIS EQUIPEMENTS SAU;796;MOHAMED N NDIAYE;655.957;172284875.8;22/05/2023;21/08/2023;DIF
CDI07007502;FABRIMETAL LDA;FABRIMETAL SENEGAL SA;1;1425000;25993388;FABRIMETAL SENEGAL SA;696;ALASSANE SAMBA LY;613.2141521;873830166.7;23/05/2023;20/07/2023;ACC
CDI07007503;SAS VETIR;CMD NEGOCE;86;91000;26101422;CMD NEGOCE;D16;ADJA FATOU CISSE EP NIANG;655.957;59692087;24/05/2023;15/07/2023;VUE
CDI07007504;VATAN KABLO METAL ENDUSTRI VE TIC;CASSIS EQUIPEMENTS SAU;86;248088.9;15813005;CASSIS EQUIPEMENTS SAU;796;MOHAMED N NDIAYE;655.957;162735650.6;30/05/2023;21/07/2023;DIF
CDI07007506;H.J. BAKER SUPKHUR INTERNATIONAL;ICS;1;5335000;11082300;ICS;696;ALASSANE SAMBA LY;604.640944;3225759436.24;12/06/2023;19/08/2023;VUE
CDI07007507;OCTAL SAOC FZC;PACK AFRICA-SA;1;453330;26036206;PACK AFRICA-SA;696;ALASSANE SAMBA LY;613.9984152;278343901.56;14/06/2023;31/07/2023;DIF
CDI07007508;EQUIPEMENTS & SERVICES BIA;ICS;1;324900;11082300;ICS;696;ALASSANE SAMBA LY;606.1284411;196931130.51;16/06/2023;31/12/2023;VUE
CDI07007505;SABODALA GOLD OPERATIONS S.A.;SABODALA GOLD OPERATIONS;86;184500;15669205;SABODALA GOLD OPERATIONS;871;MIMI DIABY;655.957;121024066.5;08/06/2023;25/08/2023;VUE
CDE07001033;SNSSS;COMMERCE IVOIRIEN ET DE SERVICES;0;77000000;830;SNSSS;647;MARIEME SOUGOU;1;77000000;21/06/2023;21/08/2023;ACC
CDI07007509;COELME COSTRUZIONI;VINCI ENERGIES SENEGAL;86;99070.2;26031724;VINCI ENERGIES SENEGAL;796;MOHAMED N NDIAYE;655.957;64985791.18;23/06/2023;15/12/2023;DIF
CDI07007510;POURET MEDICAL;DELTA MEDICAL;86;190811.04;15173600;DELTA MEDICAL;409;MAME ISSA GUEYE;655.957;125163837.37;27/06/2023;03/08/2023;DIF
CDI07007516;NILOS GMBH AND CO KG;ICS;86;245600;11082300;ICS;696;ALASSANE SAMBA LY;655.957;161103039.2;19/07/2023;30/01/2024;
CDI07007517;MANUFACTURAS INPLAST SA;FUMOA;86;19937.61;8022600;FUMOA;696;ALASSANE SAMBA LY;655.957;13078214.84;25/07/2023;26/09/2023;
CDI07007515;SINOTRUK JINAN SALES AND SERVICE;ICS;1;231000;11082300;ICS;696;ALASSANE SAMBA LY;614.8388884;142027783.2;18/07/2023;20/10/2023;
CDI07007513;TRAMMO INC;ICS;1;1775000;11082300;ICS;696;ALASSANE SAMBA LY;589.3069656;1046019864;17/07/2023;17/09/2023;
CDI07007514;SGL CARBON TECHNIC SAS;ICS;86;84733.94;11082300;ICS;696;ALASSANE SAMBA LY;655.957;55581821.08;17/07/2023;30/12/2023;
CDI07007511;FUTURE PLAST INDUSTRIES LLC;FUMOA;1;21308;8022600;FUMOA;696;ALASSANE SAMBA LY;609.530117;12987867.73;07/07/2023;31/08/2023;
CDI07007512;SHENZHEN NEW INDUSTRIES;TECHNOLOGIE SERVICES;1;102753;15594805;TECHNOLOGIE SERVICES;709;ABIBOU BEYE;602.3425493;61892503.97;12/07/2023;29/10/2023;
CDE07001034;SNSSS;COMMERCE IVOIRIEN ET DE SERVICES;0;77000000;830;SNSSS;647;MARIEME SOUGOU;1;77000000;25/07/2023;21/08/2023;
CDI07007519;HIDROGLOBAL TECN.DEL AGUA S.A.;SVTPGC;86;40634.96;15005800;SVTPGC;369;NDEYE OULIMATA BOYE;655.957;26654786.46;10/08/2023;21/09/2023;DIF
CDI07007518;CAMC SUMEC COMPLETE EQUIPMENT AND;SAREQ SARL;1;316200;26058867;SAREQ SARL;660;SALIOU MBACKE BA;603.2255324;190739913.3;10/08/2023;31/12/2023;ACC
CDI07007522;PIRELLI TYRE SA;SICAS;86;16720;8080100;SICAS;D17;CHEIKH TALIBOUYA NDIAYE;655.957;10967601.04;28/08/2023;18/11/2023;ACC
CDI07007521;PROMETON TYRE GROUP S.R.L.;SICAS;86;54938.8;8080100;SICAS;D17;CHEIKH TALIBOUYA NDIAYE;655.957;36037490.43;28/08/2023;15/11/2023;ACC
CDI07007523;BETA ENERJÄ° VE TEKNOLOJÄ° A.Åž.;DP WORLD DAKAR;1;44550;15660005;DP WORLD DAKAR;367;NDEYE ANNA DIOUF;614.0496325;27355911.13;28/08/2023;18/11/2023;DIF
CDI07007520;MAHENOR;CIMENTS DU SAHEL;86;206190.9;8152415;CIMENTS DU SAHEL;414;FATOU BOURY NDAO;655.957;135252364.2;18/08/2023;15/02/2024;DIF
CDI07007524;SICAMEX S.A.S;TECHNIMEX;86;83423.7;8148715;TECHNIMEX;369;NDEYE OULIMATA BOYE;655.957;54722359.98;01/09/2023;15/11/2023;DIF
CDI07007527;HYLANDS;SVTPGC;86;141955.78;15005800;SVTPGC;369;NDEYE OULIMATA BOYE;655.957;93116887.58;13/09/2023;21/01/2024;DIF
CDI07007525;SAINT GOBAIN-INDIA PRIV LTD;SCHÃœLLER SARL;86;94431.94;26007180;SCHÃœLLER SARL;369;NDEYE OULIMATA BOYE;655.957;61943292.07;07/09/2023;15/12/2023;DIF
CDI07007531;ATLAS COPCO AUSTRALIA PTY LTD;SABODALA GOLD OPERATIONS;8;248481.18;15669205;SABODALA GOLD OPERATIONS;871;MIMI DIABY;421.167475;104652191.2;15/09/2023;06/12/2023;DIF
CDI07007530;CIMAS S.R.L.;NOUVELLE MINOTERIE AFRICAINE;86;6799000;8177215;NOUVELLE MINOTERIE AFRICAINE;556;HAROUNA YARADOU;655.957;4459851643;15/09/2023;30/06/2024;DIF
CDI07007529;FABRIMETAL LDA;FABRIMETAL SENEGAL SA;1;1187500;25993388;FABRIMETAL SENEGAL SA;696;ALASSANE SAMBA LY;621.3228641;737820901.1;15/09/2023;05/11/2023;DIF
CDI07007533;MANUFACTURAS INPLAST S.A;FUMOA;86;21501.92;8022600;FUMOA;696;ALASSANE SAMBA LY;655.957;14104334.94;20/09/2023;31/10/2023;VUE
CDI07007526;MSGI;CASSIS EQUIPEMENTS SAU;86;625115.5;15813005;CASSIS EQUIPEMENTS SAU;796;MOHAMED N NDIAYE;655.957;410048888;11/09/2023;31/10/2023;DIF
CDI07007532;JOBASI SA;CASSIS EQUIPEMENTS SAU;86;174993;15813005;CASSIS EQUIPEMENTS SAU;796;MOHAMED N NDIAYE;655.957;114787883.3;19/09/2023;30/11/2023;DIF
CDI07007528;PIRELLI TYRE (SUISSE) SA;SICAS;86;40628;8080100;SICAS;D17;CHEIKH TALIBOUYA NDIAYE;655.957;26650221;13/09/2023;17/11/2023;ACC
CDI07007534;RIAD OUARTSI HOLDING;SOCOCIM INDUST;86;310650;8022700;SOCOCIM INDUST;414;FATOU BOURY NDAO;655.957;203773042.1;21/09/2023;15/12/2023;MIX
CDI07007541;SAINT GOBAIN-INDIA PRIVATE LTD;SCHÃœLLER SARL;86;20376.16;26007180;SCHÃœLLER SARL;369;NDEYE OULIMATA BOYE;655.957;13365884.79;13/10/2023;30/12/2023;NEG
CDI07007544;TOPCON EUROPE MEDICAL BV;DELTA MEDICAL;86;105513.68;15173600;DELTA MEDICAL;423;KHADY NDIAYE BA;655.957;69212436.99;17/10/2023;26/01/2024;DIF
CDI07007537;JEKAY INTERNATIONAL TRACK PVT LTD;ICS;1;75600;11082300;ICS;696;ALASSANE SAMBA LY;632.7821374;47838329.59;04/10/2023;30/12/2023;VUE
CDI07007542;SMS GROUP S.P.A;FABRIMETAL SENEGAL SA;86;1877700;25993388;FABRIMETAL SENEGAL SA;696;ALASSANE SAMBA LY;655.957;1231690459;13/10/2023;30/04/2025;VUE
CDI07007539;MAANSHAN LEOMON ENERGY-SAVING;ICS;1;23907;11082300;ICS;696;ALASSANE SAMBA LY;623.9402181;14916538.79;12/10/2023;21/02/2024;VUE
CDI07007546;FOWLER WESTRUP(INDIA) PVT. LTD,;ICS;1;16400;11082300;ICS;696;ALASSANE SAMBA LY;624.862364;10247742.77;31/10/2023;30/12/2023;VUE
CDI07007545;TOTAL ENERGIES GAS AND POWER;ICS;1;7364500;11082300;ICS;696;ALASSANE SAMBA LY;626.4339732;4613372996;30/10/2023;21/01/2024;VUE
CDI07007543;SFE INTERNATIONAL;CASSIS EQUIPEMENTS SAU;86;201559.55;15813005;CASSIS EQUIPEMENTS SAU;796;MOHAMED N NDIAYE;655.957;132214397.7;16/10/2023;30/11/2023;DIF
CDI07007535;EB REBOSIO ELEKTRÄ°K MAKÄ°NA Ä°MALAT;CASSIS EQUIPEMENTS SAU;86;65850;15813005;CASSIS EQUIPEMENTS SAU;796;MOHAMED N NDIAYE;655.957;43194768.45;03/10/2023;31/10/2023;DIF
CDI07007540;MC3 LOGISTIQUE;OUMOU GROUP;1;3280000;26010482;OUMOU GROUP;709;ABIBOU BEYE;627.5376229;2058323403;13/10/2023;31/03/2024;DIF
CDI07007538;PIRELLI TYRE (SUISSE) SA;SICAS;86;17830;8080100;SICAS;D17;CHEIKH TALIBOUYA NDIAYE;655.957;11695713.31;04/10/2023;25/12/2023;ACC
CDI07007536;PROMETEON TYRE GROUP S.R.L.;SICAS;86;53280;8080100;SICAS;D17;CHEIKH TALIBOUYA NDIAYE;655.957;34949388.96;04/10/2023;25/12/2023;ACC
CDI07007553;WIELTON SA;NMK TRANSPORTS;86;99800;26094128;NMK TRANSPORTS;416;FALL CHEIKH TIDIANE JEAN;655.957;65464508.6;28/11/2023;05/01/2024;VUE
CDI07007551;AGENCE CHAMBRELANT SAS/;DELTA MEDICAL;86;66350;15173600;DELTA MEDICAL;423;KHADY NDIAYE BA;655.957;43522746.95;24/11/2023;28/12/2023;VUE
CDI07007550;SÃœD-CHEMIE INDIA PVT.LTD;ICS;1;845050;11082300;ICS;696;ALASSANE SAMBA LY;617.8929585;522150444.6;23/11/2023;21/07/2024;VUE
CDI07007552;MANUFACTURAS INPLAST S.A;FUMOA;86;22129.6;8022600;FUMOA;696;ALASSANE SAMBA LY;655.957;14516066.03;27/11/2023;30/12/2023;VUE
CDI07007547;HITACHI ENERGY HIGH VOLTAGE;VINCI ENERGIES SENEGAL;86;128270;26031724;VINCI ENERGIES SENEGAL;796;MOHAMED N NDIAYE;655.957;84139604.39;14/11/2023;29/01/2024;NEG
CDI07007548;GE HEALTHCARE GMBH;TECHNOLOGIES SERVICES;86;105000;15594805;TECHNOLOGIES SERVICES;D16;ADJA FATOU CISSE EP NIANG;655.957;68875485;17/11/2023;31/03/2024;DIF
CDI07007549;PROMETEON TYRE GROUP S.R.L.;SICAS;86;54290;8080100;SICAS;D17;CHEIKH TALIBOUYA NDIAYE;655.957;35611905.53;21/11/2023;15/02/2024;ACC
CDI07007553;WIELTON SA;NMK TRANSPORTS;86;99800;26094128;NMK TRANSPORTS;416;FALL CHEIKH TIDIANE JEAN;655.957;65464508.6;28/11/2023;05/01/2024;VUE
CDI07007551;AGENCE CHAMBRELANT SAS/;DELTA MEDICAL;86;66350;15173600;DELTA MEDICAL;423;KHADY NDIAYE BA;655.957;43522746.95;24/11/2023;28/12/2023;VUE
CDI07007550;SÃœD-CHEMIE INDIA PVT.LTD;ICS;1;845050;11082300;ICS;696;ALASSANE SAMBA LY;617.8929585;522150444.6;23/11/2023;21/07/2024;VUE
CDI07007552;MANUFACTURAS INPLAST S.A;FUMOA;86;22129.6;8022600;FUMOA;696;ALASSANE SAMBA LY;655.957;14516066.03;27/11/2023;30/12/2023;VUE
CDI07007547;HITACHI ENERGY HIGH VOLTAGE;VINCI ENERGIES SENEGAL;86;128270;26031724;VINCI ENERGIES SENEGAL;796;MOHAMED N NDIAYE;655.957;84139604.39;14/11/2023;29/01/2024;NEG
CDI07007548;GE HEALTHCARE GMBH;TECHNOLOGIES SERVICES;86;105000;15594805;TECHNOLOGIES SERVICES;D16;ADJA FATOU CISSE EP NIANG;655.957;68875485;17/11/2023;31/03/2024;DIF
CDI07007549;PROMETEON TYRE GROUP S.R.L.;SICAS;86;54290;8080100;SICAS;D17;CHEIKH TALIBOUYA NDIAYE;655.957;35611905.53;21/11/2023;15/02/2024;ACC
CDI07007559;SICAMEX S.A.S;TECHNIMEX;86;128408.31;8148715;TECHNIMEX;369;NDEYE OULIMATA BOYE;655.957;84230329.8;18/12/2023;23/02/2024;DIF
CDI07007561;SINOTRUK JINAN SALES AND SERVICE;ICS;1;915280;11082300;ICS;696;ALASSANE SAMBA LY;603.4068363;552286209.1;20/12/2023;30/04/2024;VUE
CDI07007556;SINOTRUK JINAN SALES AND SERVICE;ICS;1;95480;11082300;ICS;696;ALASSANE SAMBA LY;612.0358528;58437183.23;05/12/2023;30/04/2024;VUE
CDI07007555;SINOTRUK JINAN SALES AND SERVICE;ICS;1;123668.2;11082300;ICS;696;ALASSANE SAMBA LY;607.9321647;75181876.53;01/12/2023;02/03/2024;VUE
CDI07007562;TEST 1;ICS;1;200000;11082300;ICS;696;ALASSANE SAMBA LY;604.9959728;120999194.6;20/12/2023;22/12/2023;VUE
CDI07007564;DECOUVERTES;INDUSTRY FOR PACKAGING & CONSTRUCTI;86;140431.25;15618605;INDUSTRY FOR PACKAGING & CONSTRUCTIO;696;ALASSANE SAMBA LY;655.957;92116861.46;22/12/2023;07/03/2024;DIF
CDI07007554;ETHAN POWER PRIVATE LIMITED;ICS;1;250000;11082300;ICS;696;ALASSANE SAMBA LY;607.3954344;151848858.6;01/12/2023;15/05/2024;MIX
CDI07007563;TEST 2;ICS;4;300000;11082300;ICS;696;ALASSANE SAMBA LY;700.6753495;210202604.9;20/12/2023;22/12/2023;VUE
CDI07007557;CACEF ENERGY;CASSIS EQUIPEMENTS SAU;86;46400;15813005;CASSIS EQUIPEMENTS SAU;796;MOHAMED N NDIAYE;655.957;30436404.8;11/12/2023;31/01/2024;DIF
CDI07007558;MEGGER;CASSIS EQUIPEMENTS SAU;86;444000;15813005;CASSIS EQUIPEMENTS SAU;796;MOHAMED N NDIAYE;655.957;291244908;12/12/2023;31/03/2024;DIF
CDI07007560;EB REBOSIO SRL VIA;CASSIS EQUIPEMENTS SAU;86;48850;15813005;CASSIS EQUIPEMENTS SAU;796;MOHAMED N NDIAYE;655.957;32043499.45;19/12/2023;29/02/2024;DIF
CDI07007570;NPI;CASSIS EQUIPEMENTS SAU;1;84386.32;15813005;CASSIS EQUIPEMENTS SAU;796;MOHAMED N NDIAYE;610.524319;51519900.55;19/01/2024;31/03/2024;DIF
CDI07007569;HAEFELY AG;CASSIS EQUIPEMENTS SAU;86;257000;15813005;CASSIS EQUIPEMENTS SAU;796;MOHAMED N NDIAYE;655.957;168580949;19/01/2024;31/12/2024;DIF
CDI07007575;TIONALE PTE LTD;SICAS;1;36560;8080100;SICAS;D17;CHEIKH TALIBOUYA NDIAYE;609.1501441;22270529.27;31/01/2024;19/03/2024;NEG
CDI07007566;PROMETEON TYRE GROUP SRL MILAN;SICAS;86;53120;8080100;SICAS;D17;CHEIKH TALIBOUYA NDIAYE;655.957;34844435.84;05/01/2024;19/03/2024;ACC
CDI07007574;TOTALENERGIES GAS AND POWER;ICS;1;4922500;11082300;ICS;773;FATIMATA ZARA HAIDARA;609.1501441;2998541584;31/01/2024;03/04/2024;VUE
CDI07007576;TRAMMO DMCC;ICS;1;1900500;11082300;ICS;773;FATIMATA ZARA HAIDARA;609.1501441;1157689849;31/01/2024;14/03/2024;VUE
CDI07007565;MIDAL CABLES B.S.C(C);LES CABLERIES DU SENEGAL;1;531100;8115000;LES CABLERIES DU SENEGAL;773;FATIMATA ZARA HAIDARA;599.7633325;318534305.9;02/01/2024;15/04/2024;ACC
CDI07007571;TOTALENERGIES GAS AND POWER;ICS;1;4922500;11082300;ICS;773;FATIMATA ZARA HAIDARA;608.1202166;2993471766;23/01/2024;03/04/2024;VUE
CDI07007573;STE ZAYANI C.M. E;FUMOA;86;17890;8022600;FUMOA;773;FATIMATA ZARA HAIDARA;655.957;11735070.73;30/01/2024;04/03/2024;VUE
CDI07007568;LONGI SOLAR TECHNOLOY CO., LTD;ICS;1;459022.5;11082300;ICS;773;FATIMATA ZARA HAIDARA;610.524319;280244399.2;19/01/2024;30/03/2024;VUE
CDI07007567;SINOTRUK JINAN SALES AND SERVICE;ICS;1;54500;11082300;ICS;773;FATIMATA ZARA HAIDARA;609.5519882;33220583.36;17/01/2024;30/04/2024;VUE
CDI07007572;JIANGSU NEW HONGDA GROUP CO., LTD;ICS;1;300800;11082300;ICS;773;FATIMATA ZARA HAIDARA;609.6647342;183387152;29/01/2024;10/05/2024;VUE
CDI07007577;HYDROSUD INTERNATIONAL;SOLENE AFRIQUE DE L'OUEST;86;167549.93;15266805;SOLENE AFRIQUE DE L'OUEST;369;NDEYE OULIMATA BOYE;655.957;109905549.4;07/02/2024;30/05/2024;DIF
CDI07007579;SETOP GIRAUD TECHNOLOGIE;SENEGAL AGROGREEN;86;34130.86;26110486;SENEGAL AGROGREEN;667;ALASSANE DJIGO;655.957;22388376.53;22/02/2024;05/04/2024;DIF
CDI07007581;GE HEALTHCARE GMBH;TECHNOLOGIES SERVICES;1;81000;15594805;TECHNOLOGIES SERVICES;D16;ADJA FATOU CISSE EP NIANG;617.4795489;50015843.46;29/02/2024;30/06/2024;DIF
CDI07007580;PROMETEON TYRE GROUP S.R.L;SICAS;86;54250;8080100;SICAS;D17;CHEIKH TALIBOUYA NDIAYE;655.957;35585667.25;26/02/2024;06/05/2024;ACC
CDE07001037;SENEVISA SA;SARL FAMEG FROID;86;55072;8087900;SENEVISA SA;647;MARIEME SOUGOU;655.957;36124863.9;28/02/2024;18/04/2024;VUE
CDE07001035;SENEVISA SA;SARL FAMEG FROID;86;39768.14;8087900;SENEVISA SA;647;MARIEME SOUGOU;655.957;26086189.81;27/02/2024;14/04/2024;VUE
CDE07001036;SENEVISA SA;SARL FAMEG FROID;86;40958.04;8087900;SENEVISA SA;647;MARIEME SOUGOU;655.957;26866713.04;27/02/2024;18/04/2024;VUE
CDI07007582;EQUIPOS EL PRADO, S.A.;GIE YELLITAARE;86;387070.98;40158835;GIE YELLITAARE;647;MARIEME SOUGOU;655.957;253901918.8;29/02/2024;06/08/2024;VUE
CDI07007578;FRIGO MEKANIK INSAAT TESISAT VE;SOCIETE DE CULTURES LEGUMIERES;86;449375.75;52318361;SOCIETE DE CULTURES LEGUMIERES;776;MAME NGONE GAYE;655.957;294771168.8;15/02/2024;31/07/2024;NEG
CDI07007583;MIDAL CABLES B.S.C(C);LES CABLERIES DU SENEGAL;1;879216;8115000;LES CABLERIES DU SENEGAL;773;FATIMATA ZARA HAIDARA;617.4795489;542897899.1;29/02/2024;21/05/2024;ACC
CDI07007584;MIDAL CABLES B.S.C(C);LES CABLERIES DU SENEGAL;1;1018650;8115000;LES CABLERIES DU SENEGAL;773;FATIMATA ZARA HAIDARA;617.4795489;628995542.5;29/02/2024;21/05/2024;ACC
CDI07007590;DENIZLI OZSTAR DIS TICARET LTD.;PATISEN;1;146450;8056600;PATISEN;423;KHADY NDIAYE BA;618.3983918;90564444.48;22/03/2024;21/06/2024;VUE
CDI07007586;SICAMEX SAS;CASSIS EQUIPEMENTS SAU;86;884965;15813005;CASSIS EQUIPEMENTS SAU;796;MOHAMED N NDIAYE;655.957;580498986.5;14/03/2024;30/06/2024;DIF
CDI07007588;ELCOS SRL;CASSIS EQUIPEMENTS SAU;86;108088.45;15813005;CASSIS EQUIPEMENTS SAU;796;MOHAMED N NDIAYE;655.957;70901375.4;22/03/2024;31/05/2024;DIF
CDI07007592;CARESTREAM HEALTH SA;TECHNOLOGIES SERVICES;86;156069.52;15594805;TECHNOLOGIES SERVICES;D16;ADJA FATOU CISSE EP NIANG;655.957;102374894.1;27/03/2024;30/09/2024;DIF
CDI07007591;TRAMMO DMCC;ICS;1;2250000;11082300;ICS;773;FATIMATA ZARA HAIDARA;618.3635287;1391317940;25/03/2024;15/05/2024;VUE
CDI07007587;H.J. BAKER SULPHUR INTERNATIONAL;ICS;1;4785000;11082300;ICS;773;FATIMATA ZARA HAIDARA;611.4975324;2926015693;14/03/2024;06/06/2024;VUE
CDI07007585;MAANSHAN TIANJUN MACHINERY;ICS;1;236437.62;11082300;ICS;773;FATIMATA ZARA HAIDARA;615.97877;145640554.3;06/03/2024;22/10/2024;VUE
CDI07007593;TEST;ICS;1;30000;11082300;ICS;773;FATIMATA ZARA HAIDARA;619.377305;18581319.15;29/03/2024;31/12/2024;VUE
CDI07007589;DENIZLI OZSTAR DIS TICARET LTD.;ICS;1;146450;11082300;ICS;773;FATIMATA ZARA HAIDARA;618.3983918;90564444.48;22/03/2024;21/06/2024;VUE
CDI07007599;HAINAN LONGI GREEN ENERGY;SOLENE AFRIQUE DE L'OUEST;1;102940.7;15266805;SOLENE AFRIQUE DE L'OUEST;654;LETICIA WOTHOR;628.937949;64743312.73;25/04/2024;15/09/2024;DIF
CDI07007597;EL SEWEDY CABLES ALGERIA SPA;CASSIS EQUIPEMENTS SAU;86;67500;15813005;CASSIS EQUIPEMENTS SAU;796;MOHAMED N NDIAYE;655.957;44277097.5;17/04/2024;31/05/2024;DIF
CDI07007594;MSGI;CASSIS EQUIPEMENTS SAU;86;1200093;15813005;CASSIS EQUIPEMENTS SAU;796;MOHAMED N NDIAYE;655.957;787209404;03/04/2024;21/05/2024;DIF
CDI07007595;A MILNE CARMO;CASSIS EQUIPEMENTS SAU;86;195000;15813005;CASSIS EQUIPEMENTS SAU;796;MOHAMED N NDIAYE;655.957;127911615;05/04/2024;31/05/2024;DIF
CDI07007601;HITACHI ENERGY TRANSFORMERS S.A.E;CASSIS EQUIPEMENTS SAU;86;191200;15813005;CASSIS EQUIPEMENTS SAU;796;MOHAMED N NDIAYE;655.957;125418978.4;26/04/2024;30/06/2024;DIF
CDI07007596;TSE ENGINEERING PTY LTD;ICS;1;144000;11082300;ICS;773;FATIMATA ZARA HAIDARA;628.055334;90439968.1;15/04/2024;14/06/2024;VUE
CDI07007598;LORBRAND (PTY) LTD;ICS;86;84601;11082300;ICS;773;FATIMATA ZARA HAIDARA;655.957;55494618.16;17/04/2024;01/07/2024;VUE
CDI07007600;VULCAN INDUSTRIAL ENGINEERING CO.;ICS;1;70000;11082300;ICS;773;FATIMATA ZARA HAIDARA;623.7803313;43664623.19;26/04/2024;15/10/2024;VUE
